[
    {
        "colors": [
            "w"
        ],
        "commemorations": [],
        "id": "2023-01-01",
        "rank": 1,
        "tags": [],
        "title": "Oktawa Bożego Narodzenia"
    },
    {
        "colors": [
            "w"
        ],
        "commemorations": [],
        "id": "2023-01-02",
        "rank": 2,
        "tags": [],
        "title": "Najświętszego Imienia Jezus"
    },
    {
        "colors": [
            "w"
        ],
        "commemorations": [],
        "id": "2023-01-03",
        "rank": 4,
        "tags": [],
        "title": "Feria"
    },
    {
        "colors": [
            "w"
        ],
        "commemorations": [],
        "id": "2023-01-04",
        "rank": 4,
        "tags": [],
        "title": "Feria"
    },
    {
        "colors": [
            "w"
        ],
        "commemorations": [
            "Św. Telesfora, Papieża i Męczennika"
        ],
        "id": "2023-01-05",
        "rank": 4,
        "tags": [],
        "title": "Feria"
    },
    {
        "colors": [
            "w"
        ],
        "commemorations": [],
        "id": "2023-01-06",
        "rank": 1,
        "tags": [],
        "title": "Objawienie Pańskie"
    },
    {
        "colors": [
            "w"
        ],
        "commemorations": [],
        "id": "2023-01-07",
        "rank": 4,
        "tags": [],
        "title": "2 Msza o N. M. P. – Vultum Tuum"
    },
    {
        "colors": [
            "w"
        ],
        "commemorations": [],
        "id": "2023-01-08",
        "rank": 2,
        "tags": [],
        "title": "Uroczystość Świętej Rodziny Jezusa, Maryi i Józefa"
    },
    {
        "colors": [
            "w"
        ],
        "commemorations": [],
        "id": "2023-01-09",
        "rank": 4,
        "tags": [
            "Poniedziałek po 1 Niedzieli po Objawieniu"
        ],
        "title": "Feria"
    },
    {
        "colors": [
            "w"
        ],
        "commemorations": [],
        "id": "2023-01-10",
        "rank": 4,
        "tags": [
            "Wtorek po 1 Niedzieli po Objawieniu"
        ],
        "title": "Feria"
    },
    {
        "colors": [
            "w"
        ],
        "commemorations": [
            "Św. Hygina, Papieża i Męczennika"
        ],
        "id": "2023-01-11",
        "rank": 4,
        "tags": [
            "Środa po 1 Niedzieli po Objawieniu"
        ],
        "title": "Feria"
    },
    {
        "colors": [
            "w"
        ],
        "commemorations": [],
        "id": "2023-01-12",
        "rank": 4,
        "tags": [
            "Czwartek po 1 Niedzieli po Objawieniu"
        ],
        "title": "Feria"
    },
    {
        "colors": [
            "w"
        ],
        "commemorations": [],
        "id": "2023-01-13",
        "rank": 2,
        "tags": [
            "Piątek po 1 Niedzieli po Objawieniu"
        ],
        "title": "Wspomnienie Chrztu Pańskiego"
    },
    {
        "colors": [
            "w"
        ],
        "commemorations": [
            "Św. Feliksa, Kapłana i Męczennika"
        ],
        "id": "2023-01-14",
        "rank": 3,
        "tags": [
            "Sobota po 1 Niedzieli po Objawieniu"
        ],
        "title": "Św. Hilarego, Biskupa, Wyznawcy i Doktora Kościoła"
    },
    {
        "colors": [
            "g"
        ],
        "commemorations": [],
        "id": "2023-01-15",
        "rank": 2,
        "tags": [],
        "title": "2 Niedziela po Objawieniu"
    },
    {
        "colors": [
            "r"
        ],
        "commemorations": [],
        "id": "2023-01-16",
        "rank": 3,
        "tags": [
            "Poniedziałek po 2 Niedzieli po Objawieniu"
        ],
        "title": "Św. Marcelego I, Papieża i Męczennika"
    },
    {
        "colors": [
            "w"
        ],
        "commemorations": [],
        "id": "2023-01-17",
        "rank": 3,
        "tags": [
            "Wtorek po 2 Niedzieli po Objawieniu"
        ],
        "title": "Św. Antoniego, Opata"
    },
    {
        "colors": [
            "g"
        ],
        "commemorations": [
            "Św. Pryski, Dziewicy"
        ],
        "id": "2023-01-18",
        "rank": 4,
        "tags": [
            "Środa po 2 Niedzieli po Objawieniu"
        ],
        "title": "Feria"
    },
    {
        "colors": [
            "g"
        ],
        "commemorations": [
            "Śś. Mariusza, Marty, Audifaksa i Abachuma",
            "św. Kanuta, Króla i Męczennika"
        ],
        "id": "2023-01-19",
        "rank": 4,
        "tags": [
            "Czwartek po 2 Niedzieli po Objawieniu"
        ],
        "title": "Feria"
    },
    {
        "colors": [
            "r"
        ],
        "commemorations": [],
        "id": "2023-01-20",
        "rank": 3,
        "tags": [
            "Piątek po 2 Niedzieli po Objawieniu"
        ],
        "title": "Śś. Fabiana, Papieża i Sebastiana, Męczenników"
    },
    {
        "colors": [
            "r"
        ],
        "commemorations": [],
        "id": "2023-01-21",
        "rank": 3,
        "tags": [
            "Sobota po 2 Niedzieli po Objawieniu"
        ],
        "title": "Św. Agnieszki, Dziewicy i Męczennicy"
    },
    {
        "colors": [
            "g"
        ],
        "commemorations": [],
        "id": "2023-01-22",
        "rank": 2,
        "tags": [],
        "title": "3 Niedziela po Objawieniu"
    },
    {
        "colors": [
            "w"
        ],
        "commemorations": [
            "Św. Emercjanny, Dziewicy i Męczennicy"
        ],
        "id": "2023-01-23",
        "rank": 3,
        "tags": [
            "Poniedziałek po 3 Niedzieli po Objawieniu"
        ],
        "title": "Św. Rajmunda z Pennafort, Wyznawcy"
    },
    {
        "colors": [
            "r"
        ],
        "commemorations": [],
        "id": "2023-01-24",
        "rank": 3,
        "tags": [
            "Wtorek po 3 Niedzieli po Objawieniu"
        ],
        "title": "Św. Tymoteusza, Biskupa i Męczennika"
    },
    {
        "colors": [
            "w"
        ],
        "commemorations": [
            "Św. Piotra, Apostoła"
        ],
        "id": "2023-01-25",
        "rank": 3,
        "tags": [
            "Środa po 3 Niedzieli po Objawieniu"
        ],
        "title": "Nawrócenie św. Pawła, Apostoła"
    },
    {
        "colors": [
            "r"
        ],
        "commemorations": [],
        "id": "2023-01-26",
        "rank": 3,
        "tags": [
            "Czwartek po 3 Niedzieli po Objawieniu"
        ],
        "title": "Św. Polikarpa, Biskupa i Męczennika"
    },
    {
        "colors": [
            "w"
        ],
        "commemorations": [],
        "id": "2023-01-27",
        "rank": 3,
        "tags": [
            "Piątek po 3 Niedzieli po Objawieniu"
        ],
        "title": "Św. Jana Chryzostoma, Wyznawcy, Biskupa i Doktora Kościoła"
    },
    {
        "colors": [
            "w"
        ],
        "commemorations": [
            "Św. Agnieszki"
        ],
        "id": "2023-01-28",
        "rank": 3,
        "tags": [
            "Sobota po 3 Niedzieli po Objawieniu"
        ],
        "title": "Św. Piotra Nolasco, Wyznawcy"
    },
    {
        "colors": [
            "g"
        ],
        "commemorations": [],
        "id": "2023-01-29",
        "rank": 2,
        "tags": [],
        "title": "4 Niedziela po Objawieniu"
    },
    {
        "colors": [
            "r"
        ],
        "commemorations": [],
        "id": "2023-01-30",
        "rank": 3,
        "tags": [
            "Poniedziałek po 4 Niedzieli po Objawieniu"
        ],
        "title": "Św. Martyny, Dziewicy i Męczennicy"
    },
    {
        "colors": [
            "w"
        ],
        "commemorations": [],
        "id": "2023-01-31",
        "rank": 3,
        "tags": [
            "Wtorek po 4 Niedzieli po Objawieniu"
        ],
        "title": "Św. Jana Bosco, Wyznawcy"
    },
    {
        "colors": [
            "r"
        ],
        "commemorations": [],
        "id": "2023-02-01",
        "rank": 3,
        "tags": [
            "Środa po 4 Niedzieli po Objawieniu"
        ],
        "title": "Św. Ignacego, Biskupa i Męczennika"
    },
    {
        "colors": [
            "w"
        ],
        "commemorations": [],
        "id": "2023-02-02",
        "rank": 2,
        "tags": [
            "Czwartek po 4 Niedzieli po Objawieniu"
        ],
        "title": "Oczyszczenie N. M. P."
    },
    {
        "colors": [
            "g"
        ],
        "commemorations": [
            "Św. Błażeja, Biskupa i Męczennika"
        ],
        "id": "2023-02-03",
        "rank": 4,
        "tags": [
            "Piątek po 4 Niedzieli po Objawieniu"
        ],
        "title": "Feria"
    },
    {
        "colors": [
            "w"
        ],
        "commemorations": [],
        "id": "2023-02-04",
        "rank": 3,
        "tags": [
            "Sobota po 4 Niedzieli po Objawieniu"
        ],
        "title": "Św. Andrzeja Corsini, Biskupa i Wyznawcy"
    },
    {
        "colors": [
            "v"
        ],
        "commemorations": [],
        "id": "2023-02-05",
        "rank": 2,
        "tags": [],
        "title": "Niedziela Siedemdziesiątnicy"
    },
    {
        "colors": [
            "w"
        ],
        "commemorations": [
            "Św. Doroty, Dziewicy i Męczennicy"
        ],
        "id": "2023-02-06",
        "rank": 3,
        "tags": [
            "Poniedziałek po Niedzieli Siedemdziesiątnicy"
        ],
        "title": "Św. Tytusa, Biskupa i Wyznawcy"
    },
    {
        "colors": [
            "w"
        ],
        "commemorations": [],
        "id": "2023-02-07",
        "rank": 3,
        "tags": [
            "Wtorek po Niedzieli Siedemdziesiątnicy"
        ],
        "title": "Św. Romualda, Opata"
    },
    {
        "colors": [
            "w"
        ],
        "commemorations": [],
        "id": "2023-02-08",
        "rank": 3,
        "tags": [
            "Środa po Niedzieli Siedemdziesiątnicy"
        ],
        "title": "Św. Jana z Maty, Wyznawcy"
    },
    {
        "colors": [
            "w"
        ],
        "commemorations": [
            "Św. Apolonii, Dziewicy i Męczennicy"
        ],
        "id": "2023-02-09",
        "rank": 3,
        "tags": [
            "Czwartek po Niedzieli Siedemdziesiątnicy"
        ],
        "title": "Św. Cyryla Aleksandryjskiego, Biskupa, Wyznawcy i Doktora Kościoła"
    },
    {
        "colors": [
            "w"
        ],
        "commemorations": [],
        "id": "2023-02-10",
        "rank": 3,
        "tags": [
            "Piątek po Niedzieli Siedemdziesiątnicy"
        ],
        "title": "Św. Scholastyki"
    },
    {
        "colors": [
            "w"
        ],
        "commemorations": [],
        "id": "2023-02-11",
        "rank": 3,
        "tags": [
            "Sobota po Niedzieli Siedemdziesiątnicy"
        ],
        "title": "Objawienie się N. M. P. Niepokalanie Poczętej w Lourdes"
    },
    {
        "colors": [
            "v"
        ],
        "commemorations": [],
        "id": "2023-02-12",
        "rank": 2,
        "tags": [],
        "title": "Niedziela Sześćdziesiątnicy"
    },
    {
        "colors": [
            "v"
        ],
        "commemorations": [],
        "id": "2023-02-13",
        "rank": 4,
        "tags": [
            "Poniedziałek po Niedzieli Sześćdziesiątnicy"
        ],
        "title": "Feria"
    },
    {
        "colors": [
            "v"
        ],
        "commemorations": [
            "Św. Walentego, Kapłana i Męczennika"
        ],
        "id": "2023-02-14",
        "rank": 4,
        "tags": [
            "Wtorek po Niedzieli Sześćdziesiątnicy"
        ],
        "title": "Feria"
    },
    {
        "colors": [
            "v"
        ],
        "commemorations": [
            "Śś. Faustyna i Jowity, Męczenników"
        ],
        "id": "2023-02-15",
        "rank": 4,
        "tags": [
            "Środa po Niedzieli Sześćdziesiątnicy"
        ],
        "title": "Feria"
    },
    {
        "colors": [
            "v"
        ],
        "commemorations": [],
        "id": "2023-02-16",
        "rank": 4,
        "tags": [
            "Czwartek po Niedzieli Sześćdziesiątnicy"
        ],
        "title": "Feria"
    },
    {
        "colors": [
            "v"
        ],
        "commemorations": [],
        "id": "2023-02-17",
        "rank": 4,
        "tags": [
            "Piątek po Niedzieli Sześćdziesiątnicy"
        ],
        "title": "Feria"
    },
    {
        "colors": [
            "w"
        ],
        "commemorations": [
            "Św. Symeona, Biskupa i Męczennika"
        ],
        "id": "2023-02-18",
        "rank": 4,
        "tags": [
            "Sobota po Niedzieli Sześćdziesiątnicy"
        ],
        "title": "3 Msza o N. M. P. – Salve, Sancta Parens"
    },
    {
        "colors": [
            "v"
        ],
        "commemorations": [],
        "id": "2023-02-19",
        "rank": 2,
        "tags": [],
        "title": "Niedziela Pięćdziesiątnicy"
    },
    {
        "colors": [
            "v"
        ],
        "commemorations": [],
        "id": "2023-02-20",
        "rank": 4,
        "tags": [
            "Poniedziałek po Niedzieli Pięćdziesiątnicy"
        ],
        "title": "Feria"
    },
    {
        "colors": [
            "v"
        ],
        "commemorations": [],
        "id": "2023-02-21",
        "rank": 4,
        "tags": [
            "Wtorek po Niedzieli Pięćdziesiątnicy"
        ],
        "title": "Feria"
    },
    {
        "colors": [
            "v"
        ],
        "commemorations": [],
        "id": "2023-02-22",
        "rank": 1,
        "tags": [],
        "title": "Środa Popielcowa"
    },
    {
        "colors": [
            "v"
        ],
        "commemorations": [
            "Św. Piotra Damiana, Biskupa, Wyznawcy i Doktora Kościoła"
        ],
        "id": "2023-02-23",
        "rank": 3,
        "tags": [],
        "title": "Czwartek po Popielcu"
    },
    {
        "colors": [
            "r"
        ],
        "commemorations": [
            "Piątek po Popielcu"
        ],
        "id": "2023-02-24",
        "rank": 2,
        "tags": [
            "Piątek po Popielcu"
        ],
        "title": "Św. Macieja Apostoła"
    },
    {
        "colors": [
            "v"
        ],
        "commemorations": [],
        "id": "2023-02-25",
        "rank": 3,
        "tags": [],
        "title": "Sobota po Popielcu"
    },
    {
        "colors": [
            "v"
        ],
        "commemorations": [],
        "id": "2023-02-26",
        "rank": 1,
        "tags": [],
        "title": "1 Niedziela Wielkiego Postu"
    },
    {
        "colors": [
            "v"
        ],
        "commemorations": [
            "Św. Gabriela od Matki Bożej Bolesnej"
        ],
        "id": "2023-02-27",
        "rank": 3,
        "tags": [],
        "title": "Poniedziałek po 1 Niedzieli Wielkiego Postu"
    },
    {
        "colors": [
            "v"
        ],
        "commemorations": [],
        "id": "2023-02-28",
        "rank": 3,
        "tags": [],
        "title": "Wtorek po 1 Niedzieli Wielkiego Postu"
    },
    {
        "colors": [
            "v"
        ],
        "commemorations": [],
        "id": "2023-03-01",
        "rank": 2,
        "tags": [],
        "title": "Środa Suchych Dni Wielkiego Postu"
    },
    {
        "colors": [
            "v"
        ],
        "commemorations": [],
        "id": "2023-03-02",
        "rank": 3,
        "tags": [],
        "title": "Czwartek po 1 Niedzieli Wielkiego Postu"
    },
    {
        "colors": [
            "v"
        ],
        "commemorations": [],
        "id": "2023-03-03",
        "rank": 2,
        "tags": [],
        "title": "Piątek Suchych Dni Wielkiego Postu"
    },
    {
        "colors": [
            "v"
        ],
        "commemorations": [
            "Św. Kazimierza, Wyznawcy"
        ],
        "id": "2023-03-04",
        "rank": 2,
        "tags": [],
        "title": "Sobota Suchych Dni Wielkiego Postu"
    },
    {
        "colors": [
            "v"
        ],
        "commemorations": [],
        "id": "2023-03-05",
        "rank": 1,
        "tags": [],
        "title": "2 Niedziela Wielkiego Postu"
    },
    {
        "colors": [
            "v"
        ],
        "commemorations": [
            "Śś. Perpetui i Felicyty, Męczennic"
        ],
        "id": "2023-03-06",
        "rank": 3,
        "tags": [],
        "title": "Poniedziałek po 2 Niedzieli Wielkiego Postu"
    },
    {
        "colors": [
            "v"
        ],
        "commemorations": [
            "Św. Tomasza z Akwinu, Wyznawcy i Doktora Kościoła"
        ],
        "id": "2023-03-07",
        "rank": 3,
        "tags": [],
        "title": "Wtorek po 2 Niedzieli Wielkiego Postu"
    },
    {
        "colors": [
            "v"
        ],
        "commemorations": [
            "Św. Jana Bożego, Wyznawcy",
            "Bł. Wincentego Kadłubka, Biskupa i Wyznawcy"
        ],
        "id": "2023-03-08",
        "rank": 3,
        "tags": [],
        "title": "Środa po 2 Niedzieli Wielkiego Postu"
    },
    {
        "colors": [
            "v"
        ],
        "commemorations": [
            "Św. Franciszki Rzymianki, Wdowy"
        ],
        "id": "2023-03-09",
        "rank": 3,
        "tags": [],
        "title": "Czwartek po 2 Niedzieli Wielkiego Postu"
    },
    {
        "colors": [
            "v"
        ],
        "commemorations": [
            "Śś. Czterdziestu Męczenników"
        ],
        "id": "2023-03-10",
        "rank": 3,
        "tags": [],
        "title": "Piątek po 2 Niedzieli Wielkiego Postu"
    },
    {
        "colors": [
            "v"
        ],
        "commemorations": [],
        "id": "2023-03-11",
        "rank": 3,
        "tags": [],
        "title": "Sobota po 2 Niedzieli Wielkiego Postu"
    },
    {
        "colors": [
            "v"
        ],
        "commemorations": [],
        "id": "2023-03-12",
        "rank": 1,
        "tags": [],
        "title": "3 Niedziela Wielkiego Postu"
    },
    {
        "colors": [
            "v"
        ],
        "commemorations": [],
        "id": "2023-03-13",
        "rank": 3,
        "tags": [],
        "title": "Poniedziałek po 3 Niedzieli Wielkiego Postu"
    },
    {
        "colors": [
            "v"
        ],
        "commemorations": [],
        "id": "2023-03-14",
        "rank": 3,
        "tags": [],
        "title": "Wtorek po 3 Niedzieli Wielkiego Postu"
    },
    {
        "colors": [
            "v"
        ],
        "commemorations": [
            "Św. Klemensa Marii Dworzaka (Hofbauera)"
        ],
        "id": "2023-03-15",
        "rank": 3,
        "tags": [],
        "title": "Środa po 3 Niedzieli Wielkiego Postu"
    },
    {
        "colors": [
            "v"
        ],
        "commemorations": [],
        "id": "2023-03-16",
        "rank": 3,
        "tags": [],
        "title": "Czwartek po 3 Niedzieli Wielkiego Postu"
    },
    {
        "colors": [
            "v"
        ],
        "commemorations": [
            "Św. Patryka, Biskupa i Wyznawcy"
        ],
        "id": "2023-03-17",
        "rank": 3,
        "tags": [],
        "title": "Piątek po 3 Niedzieli Wielkiego Postu"
    },
    {
        "colors": [
            "v"
        ],
        "commemorations": [
            "Św. Cyryla Jerozolimskiego, Biskupa, Wyznawcy i Doktora Kościoła"
        ],
        "id": "2023-03-18",
        "rank": 3,
        "tags": [],
        "title": "Sobota po 3 Niedzieli Wielkiego Postu"
    },
    {
        "colors": [
            "p",
            "v"
        ],
        "commemorations": [],
        "id": "2023-03-19",
        "rank": 1,
        "tags": [],
        "title": "4 Niedziela Wielkiego Postu (Niedziela Laetare)"
    },
    {
        "colors": [
            "w"
        ],
        "commemorations": [
            "Poniedziałek po 4 Niedzieli Wielkiego Postu"
        ],
        "id": "2023-03-20",
        "rank": 1,
        "tags": [
            "Poniedziałek po 4 Niedzieli Wielkiego Postu"
        ],
        "title": "Św. Józefa, Oblubieńca N. M. P."
    },
    {
        "colors": [
            "v"
        ],
        "commemorations": [
            "Św. Benedykta, Opata"
        ],
        "id": "2023-03-21",
        "rank": 3,
        "tags": [],
        "title": "Wtorek po 4 Niedzieli Wielkiego Postu"
    },
    {
        "colors": [
            "v"
        ],
        "commemorations": [],
        "id": "2023-03-22",
        "rank": 3,
        "tags": [],
        "title": "Środa po 4 Niedzieli Wielkiego Postu"
    },
    {
        "colors": [
            "v"
        ],
        "commemorations": [],
        "id": "2023-03-23",
        "rank": 3,
        "tags": [],
        "title": "Czwartek po 4 Niedzieli Wielkiego Postu"
    },
    {
        "colors": [
            "v"
        ],
        "commemorations": [
            "Św. Gabriela Archanioła"
        ],
        "id": "2023-03-24",
        "rank": 3,
        "tags": [],
        "title": "Piątek po 4 Niedzieli Wielkiego Postu"
    },
    {
        "colors": [
            "w"
        ],
        "commemorations": [
            "Sobota po 4 Niedzieli Wielkiego Postu"
        ],
        "id": "2023-03-25",
        "rank": 1,
        "tags": [
            "Sobota po 4 Niedzieli Wielkiego Postu"
        ],
        "title": "Zwiastowanie N. M. P."
    },
    {
        "colors": [
            "v"
        ],
        "commemorations": [],
        "id": "2023-03-26",
        "rank": 1,
        "tags": [],
        "title": "1 Niedziela Męki Pańskiej"
    },
    {
        "colors": [
            "v"
        ],
        "commemorations": [
            "Św. Jana Damasceńskiego, Wyznawcy i Doktora Kościoła"
        ],
        "id": "2023-03-27",
        "rank": 3,
        "tags": [],
        "title": "Poniedziałek po Niedzieli Męki Pańskiej"
    },
    {
        "colors": [
            "v"
        ],
        "commemorations": [
            "Św. Jana Kapistrana, Wyznawcy"
        ],
        "id": "2023-03-28",
        "rank": 3,
        "tags": [],
        "title": "Wtorek po Niedzieli Męki Pańskiej"
    },
    {
        "colors": [
            "v"
        ],
        "commemorations": [],
        "id": "2023-03-29",
        "rank": 3,
        "tags": [],
        "title": "Środa po Niedzieli Męki Pańskiej"
    },
    {
        "colors": [
            "v"
        ],
        "commemorations": [],
        "id": "2023-03-30",
        "rank": 3,
        "tags": [],
        "title": "Czwartek po Niedzieli Męki Pańskiej"
    },
    {
        "colors": [
            "v"
        ],
        "commemorations": [
            "Wspomnienie Siedmiu Boleści N. M. P."
        ],
        "id": "2023-03-31",
        "rank": 3,
        "tags": [],
        "title": "Piątek po Niedzieli Męki Pańskiej"
    },
    {
        "colors": [
            "v"
        ],
        "commemorations": [],
        "id": "2023-04-01",
        "rank": 3,
        "tags": [],
        "title": "Sobota po Niedzieli Męki Pańskiej"
    },
    {
        "colors": [
            "r",
            "v"
        ],
        "commemorations": [],
        "id": "2023-04-02",
        "rank": 1,
        "tags": [],
        "title": "Niedziela Palmowa"
    },
    {
        "colors": [
            "v"
        ],
        "commemorations": [],
        "id": "2023-04-03",
        "rank": 1,
        "tags": [],
        "title": "Wielki Poniedziałek"
    },
    {
        "colors": [
            "v"
        ],
        "commemorations": [],
        "id": "2023-04-04",
        "rank": 1,
        "tags": [],
        "title": "Wielki Wtorek"
    },
    {
        "colors": [
            "v"
        ],
        "commemorations": [],
        "id": "2023-04-05",
        "rank": 1,
        "tags": [],
        "title": "Wielka Środa"
    },
    {
        "colors": [
            "w"
        ],
        "commemorations": [],
        "id": "2023-04-06",
        "rank": 1,
        "tags": [],
        "title": "Wielki Czwartek"
    },
    {
        "colors": [
            "b",
            "v"
        ],
        "commemorations": [],
        "id": "2023-04-07",
        "rank": 1,
        "tags": [],
        "title": "Wielki Piątek"
    },
    {
        "colors": [
            "v",
            "w"
        ],
        "commemorations": [],
        "id": "2023-04-08",
        "rank": 1,
        "tags": [],
        "title": "Wielka Sobota"
    },
    {
        "colors": [
            "w"
        ],
        "commemorations": [],
        "id": "2023-04-09",
        "rank": 1,
        "tags": [],
        "title": "Niedziela Zmartwychwstania"
    },
    {
        "colors": [
            "w"
        ],
        "commemorations": [],
        "id": "2023-04-10",
        "rank": 1,
        "tags": [],
        "title": "Poniedziałek Wielkanocny"
    },
    {
        "colors": [
            "w"
        ],
        "commemorations": [],
        "id": "2023-04-11",
        "rank": 1,
        "tags": [],
        "title": "Wtorek Wielkanocny"
    },
    {
        "colors": [
            "w"
        ],
        "commemorations": [],
        "id": "2023-04-12",
        "rank": 1,
        "tags": [],
        "title": "Środa Wielkanocna"
    },
    {
        "colors": [
            "w"
        ],
        "commemorations": [],
        "id": "2023-04-13",
        "rank": 1,
        "tags": [],
        "title": "Czwartek Wielkanocny"
    },
    {
        "colors": [
            "w"
        ],
        "commemorations": [],
        "id": "2023-04-14",
        "rank": 1,
        "tags": [],
        "title": "Piątek Wielkanocny"
    },
    {
        "colors": [
            "w"
        ],
        "commemorations": [],
        "id": "2023-04-15",
        "rank": 1,
        "tags": [],
        "title": "Sobota Biała"
    },
    {
        "colors": [
            "w"
        ],
        "commemorations": [],
        "id": "2023-04-16",
        "rank": 1,
        "tags": [],
        "title": "Niedziela Biała"
    },
    {
        "colors": [
            "w"
        ],
        "commemorations": [
            "Św. Aniceta, Papieża i Męczennika"
        ],
        "id": "2023-04-17",
        "rank": 4,
        "tags": [
            "Poniedziałek po Niedzieli Białej"
        ],
        "title": "Feria"
    },
    {
        "colors": [
            "w"
        ],
        "commemorations": [],
        "id": "2023-04-18",
        "rank": 4,
        "tags": [
            "Wtorek po Niedzieli Białej"
        ],
        "title": "Feria"
    },
    {
        "colors": [
            "w"
        ],
        "commemorations": [],
        "id": "2023-04-19",
        "rank": 4,
        "tags": [
            "Środa po Niedzieli Białej"
        ],
        "title": "Feria"
    },
    {
        "colors": [
            "w"
        ],
        "commemorations": [],
        "id": "2023-04-20",
        "rank": 4,
        "tags": [
            "Czwartek po Niedzieli Białej"
        ],
        "title": "Feria"
    },
    {
        "colors": [
            "w"
        ],
        "commemorations": [],
        "id": "2023-04-21",
        "rank": 3,
        "tags": [
            "Piątek po Niedzieli Białej"
        ],
        "title": "Św. Anzelma, Biskupa, Wyznawcy i Dokotra Kościoła"
    },
    {
        "colors": [
            "r"
        ],
        "commemorations": [],
        "id": "2023-04-22",
        "rank": 3,
        "tags": [
            "Sobota po Niedzieli Białej"
        ],
        "title": "Śś. Sotera i Kajusa, Papieży i Męczenników"
    },
    {
        "colors": [
            "r"
        ],
        "commemorations": [
            "2 Niedziela po Wielkanocy"
        ],
        "id": "2023-04-23",
        "rank": 1,
        "tags": [
            "2 Niedziela po Wielkanocy"
        ],
        "title": "Św. Wojciecha, Biskupa i Męczennika"
    },
    {
        "colors": [
            "r"
        ],
        "commemorations": [],
        "id": "2023-04-24",
        "rank": 3,
        "tags": [
            "Poniedziałek po 2 Niedzieli po Wielkanocy"
        ],
        "title": "Św. Fidelisa z Sigmaringen, Męczennika"
    },
    {
        "colors": [
            "r"
        ],
        "commemorations": [
            "Litania Większa"
        ],
        "id": "2023-04-25",
        "rank": 2,
        "tags": [
            "Wtorek po 2 Niedzieli po Wielkanocy"
        ],
        "title": "Św. Marka Ewangelisty"
    },
    {
        "colors": [
            "r"
        ],
        "commemorations": [],
        "id": "2023-04-26",
        "rank": 3,
        "tags": [
            "Środa po 2 Niedzieli po Wielkanocy"
        ],
        "title": "Śś. Kleta i Marcelina, Papieży i Męczenników"
    },
    {
        "colors": [
            "w"
        ],
        "commemorations": [],
        "id": "2023-04-27",
        "rank": 3,
        "tags": [
            "Czwartek po 2 Niedzieli po Wielkanocy"
        ],
        "title": "Św. Piotra Kanizjusza, Wyznawcy i Doktora Kościoła"
    },
    {
        "colors": [
            "w"
        ],
        "commemorations": [],
        "id": "2023-04-28",
        "rank": 3,
        "tags": [
            "Piątek po 2 Niedzieli po Wielkanocy"
        ],
        "title": "Św. Pawła od Krzyża, Wyznawcy"
    },
    {
        "colors": [
            "r"
        ],
        "commemorations": [],
        "id": "2023-04-29",
        "rank": 3,
        "tags": [
            "Sobota po 2 Niedzieli po Wielkanocy"
        ],
        "title": "Św. Piotra z Werony, Męczenika"
    },
    {
        "colors": [
            "w"
        ],
        "commemorations": [],
        "id": "2023-04-30",
        "rank": 2,
        "tags": [],
        "title": "3 Niedziela po Wielkanocy"
    },
    {
        "colors": [
            "w"
        ],
        "commemorations": [],
        "id": "2023-05-01",
        "rank": 1,
        "tags": [
            "Poniedziałek po 3 Niedzieli po Wielkanocy"
        ],
        "title": "Św. Józefa Robotnika, Oblubieńca N. M. P"
    },
    {
        "colors": [
            "w"
        ],
        "commemorations": [],
        "id": "2023-05-02",
        "rank": 3,
        "tags": [
            "Wtorek po 3 Niedzieli po Wielkanocy"
        ],
        "title": "Św. Atanazego, Biskupa, Wyznawcy i Doktora Kościoła"
    },
    {
        "colors": [
            "w"
        ],
        "commemorations": [],
        "id": "2023-05-03",
        "rank": 1,
        "tags": [
            "Środa po 3 Niedzieli po Wielkanocy"
        ],
        "title": "N. M. P., Królowej Polski, Głównej Patronki Polski"
    },
    {
        "colors": [
            "w"
        ],
        "commemorations": [],
        "id": "2023-05-04",
        "rank": 3,
        "tags": [
            "Czwartek po 3 Niedzieli po Wielkanocy"
        ],
        "title": "Św. Moniki, Wdowy"
    },
    {
        "colors": [
            "w"
        ],
        "commemorations": [],
        "id": "2023-05-05",
        "rank": 3,
        "tags": [
            "Piątek po 3 Niedzieli po Wielkanocy"
        ],
        "title": "Św. Piusa V, Papieża i Wyznawcy"
    },
    {
        "colors": [
            "w"
        ],
        "commemorations": [],
        "id": "2023-05-06",
        "rank": 4,
        "tags": [
            "Sobota po 3 Niedzieli po Wielkanocy"
        ],
        "title": "4 Msza o N. M. P. – Salve, Sancta Parens"
    },
    {
        "colors": [
            "w"
        ],
        "commemorations": [],
        "id": "2023-05-07",
        "rank": 2,
        "tags": [],
        "title": "4 Niedziela po Wielkanocy"
    },
    {
        "colors": [
            "r"
        ],
        "commemorations": [],
        "id": "2023-05-08",
        "rank": 1,
        "tags": [
            "Poniedziałek po 4 Niedzieli po Wielkanocy"
        ],
        "title": "Św. Stanisława, Biskupa i Męczennika"
    },
    {
        "colors": [
            "w"
        ],
        "commemorations": [],
        "id": "2023-05-09",
        "rank": 3,
        "tags": [
            "Wtorek po 4 Niedzieli po Wielkanocy"
        ],
        "title": "Św. Grzegorza z Nazjanu, Biskupa, Wyznawcy i Doktora Kościoła"
    },
    {
        "colors": [
            "w"
        ],
        "commemorations": [
            "Śś. Gordiana i Epimacha, Męczenników"
        ],
        "id": "2023-05-10",
        "rank": 3,
        "tags": [
            "Środa po 4 Niedzieli po Wielkanocy"
        ],
        "title": "Św. Antonina, Biskupa i Wyznawcy"
    },
    {
        "colors": [
            "r"
        ],
        "commemorations": [],
        "id": "2023-05-11",
        "rank": 2,
        "tags": [
            "Czwartek po 4 Niedzieli po Wielkanocy"
        ],
        "title": "Świętych Filipa i Jakuba, Apostołów"
    },
    {
        "colors": [
            "r"
        ],
        "commemorations": [],
        "id": "2023-05-12",
        "rank": 3,
        "tags": [
            "Piątek po 4 Niedzieli po Wielkanocy"
        ],
        "title": "Świętych Nereusza, Achillesa, Domicylli i Pankracego, Męczenników"
    },
    {
        "colors": [
            "w"
        ],
        "commemorations": [],
        "id": "2023-05-13",
        "rank": 3,
        "tags": [
            "Sobota po 4 Niedzieli po Wielkanocy"
        ],
        "title": "Św. Roberta Bellarmina, Biskupa, Wyznawcy i Doktora Kościoła"
    },
    {
        "colors": [
            "w"
        ],
        "commemorations": [],
        "id": "2023-05-14",
        "rank": 2,
        "tags": [],
        "title": "5 Niedziela po Wielkanocy"
    },
    {
        "colors": [
            "w"
        ],
        "commemorations": [],
        "id": "2023-05-15",
        "rank": 3,
        "tags": [
            "Litanie mniejsze"
        ],
        "title": "Św. Jana Chrzciciela de la Salle, Wyznawcy"
    },
    {
        "colors": [
            "w"
        ],
        "commemorations": [
            "Św. Ubalda, Biskupa i Wyznawcy"
        ],
        "id": "2023-05-16",
        "rank": 3,
        "tags": [
            "Litanie mniejsze"
        ],
        "title": "Św. Andrzeja Boboli, Męczennika"
    },
    {
        "colors": [
            "w"
        ],
        "commemorations": [
            "Św. Paschalisa Baylon, Wyznawcy"
        ],
        "id": "2023-05-17",
        "rank": 2,
        "tags": [],
        "title": "Wigilia Wniebowstąpienia Pańskiego"
    },
    {
        "colors": [
            "w"
        ],
        "commemorations": [],
        "id": "2023-05-18",
        "rank": 1,
        "tags": [],
        "title": "Wniebowstąpienie Pańskie"
    },
    {
        "colors": [
            "w"
        ],
        "commemorations": [
            "Św. Pudencjany, Dziewicy"
        ],
        "id": "2023-05-19",
        "rank": 3,
        "tags": [
            "Piątek po Wniebowstąpieniu"
        ],
        "title": "Św. Piotra Celestyna, Papieża i Wyznawcy"
    },
    {
        "colors": [
            "w"
        ],
        "commemorations": [],
        "id": "2023-05-20",
        "rank": 3,
        "tags": [
            "Sobota po Wniebowstąpieniu"
        ],
        "title": "Św. Bernardyna ze Sieny, Wyznawcy"
    },
    {
        "colors": [
            "w"
        ],
        "commemorations": [],
        "id": "2023-05-21",
        "rank": 2,
        "tags": [],
        "title": "Niedziela po Wniebowstąpieniu"
    },
    {
        "colors": [
            "w"
        ],
        "commemorations": [],
        "id": "2023-05-22",
        "rank": 4,
        "tags": [
            "Poniedziałek po Niedzieli po Wniebowstąpieniu"
        ],
        "title": "Feria"
    },
    {
        "colors": [
            "w"
        ],
        "commemorations": [],
        "id": "2023-05-23",
        "rank": 4,
        "tags": [
            "Wtorek po Niedzieli po Wniebowstąpieniu"
        ],
        "title": "Feria"
    },
    {
        "colors": [
            "w"
        ],
        "commemorations": [],
        "id": "2023-05-24",
        "rank": 2,
        "tags": [
            "Środa po Niedzieli po Wniebowstąpieniu"
        ],
        "title": "N. M. P. Wspomożycielki Wiernych"
    },
    {
        "colors": [
            "w"
        ],
        "commemorations": [],
        "id": "2023-05-25",
        "rank": 3,
        "tags": [
            "Czwartek po Niedzieli po Wniebowstąpieniu"
        ],
        "title": "Św. Grzegorza VII, Papieża i Wyznawcy"
    },
    {
        "colors": [
            "w"
        ],
        "commemorations": [
            "Św. Eleuteriusza, Papieża i Męczennika"
        ],
        "id": "2023-05-26",
        "rank": 3,
        "tags": [
            "Piątek po Niedzieli po Wniebowstąpieniu"
        ],
        "title": "Św. Filipa Nereusza, Wyznawcy"
    },
    {
        "colors": [
            "r"
        ],
        "commemorations": [],
        "id": "2023-05-27",
        "rank": 1,
        "tags": [],
        "title": "Wigilia Zesłania Ducha Świętego"
    },
    {
        "colors": [
            "r"
        ],
        "commemorations": [],
        "id": "2023-05-28",
        "rank": 1,
        "tags": [],
        "title": "Niedziela Zesłania Ducha Świętego"
    },
    {
        "colors": [
            "r"
        ],
        "commemorations": [],
        "id": "2023-05-29",
        "rank": 1,
        "tags": [],
        "title": "Poniedziałek w Oktawie Zesłania Ducha Świętego"
    },
    {
        "colors": [
            "r"
        ],
        "commemorations": [],
        "id": "2023-05-30",
        "rank": 1,
        "tags": [],
        "title": "Wtorek w Oktawie Zesłania Ducha Świętego"
    },
    {
        "colors": [
            "r"
        ],
        "commemorations": [],
        "id": "2023-05-31",
        "rank": 1,
        "tags": [],
        "title": "Środa Suchych Dni po Zesłaniu Ducha Świętego"
    },
    {
        "colors": [
            "r"
        ],
        "commemorations": [],
        "id": "2023-06-01",
        "rank": 1,
        "tags": [],
        "title": "Czwartek w Oktawie Zesłania Ducha Świętego"
    },
    {
        "colors": [
            "r"
        ],
        "commemorations": [],
        "id": "2023-06-02",
        "rank": 1,
        "tags": [],
        "title": "Piątek Suchych Dni po Zesłaniu Ducha Świętego"
    },
    {
        "colors": [
            "r"
        ],
        "commemorations": [],
        "id": "2023-06-03",
        "rank": 1,
        "tags": [],
        "title": "Sobota Suchych Dni po Zesłaniu Ducha Świętego"
    },
    {
        "colors": [
            "w"
        ],
        "commemorations": [],
        "id": "2023-06-04",
        "rank": 1,
        "tags": [],
        "title": "Uroczystość Trójcy Przenajświętszej"
    },
    {
        "colors": [
            "r"
        ],
        "commemorations": [],
        "id": "2023-06-05",
        "rank": 3,
        "tags": [
            "Poniedziałek po Niedzieli w Oktawie Zesłania Ducha Świętego"
        ],
        "title": "Św. Bonifacego, Biskupa i Męczennika"
    },
    {
        "colors": [
            "w"
        ],
        "commemorations": [],
        "id": "2023-06-06",
        "rank": 3,
        "tags": [
            "Wtorek po Niedzieli w Oktawie Zesłania Ducha Świętego"
        ],
        "title": "Św. Norberta, Biskupa i Wyznawcy"
    },
    {
        "colors": [
            "g"
        ],
        "commemorations": [],
        "id": "2023-06-07",
        "rank": 4,
        "tags": [
            "Środa po Niedzieli w Oktawie Zesłania Ducha Świętego"
        ],
        "title": "Feria"
    },
    {
        "colors": [
            "w"
        ],
        "commemorations": [],
        "id": "2023-06-08",
        "rank": 1,
        "tags": [],
        "title": "Uroczystość Bożego Ciała"
    },
    {
        "colors": [
            "g"
        ],
        "commemorations": [
            "Śś. Pryma i Felicjana, Męczenników"
        ],
        "id": "2023-06-09",
        "rank": 4,
        "tags": [
            "Piątek po Niedzieli w Oktawie Zesłania Ducha Świętego"
        ],
        "title": "Feria"
    },
    {
        "colors": [
            "w"
        ],
        "commemorations": [
            "Św. Małgorzaty, Królowej Szkockiej, Wdowy"
        ],
        "id": "2023-06-10",
        "rank": 3,
        "tags": [
            "Sobota po Niedzieli w Oktawie Zesłania Ducha Świętego"
        ],
        "title": "Bł. Bogumiła, Biskupa i Wyznawcy"
    },
    {
        "colors": [
            "g"
        ],
        "commemorations": [],
        "id": "2023-06-11",
        "rank": 2,
        "tags": [],
        "title": "2 Niedziela po Zesłaniu Ducha Świętego"
    },
    {
        "colors": [
            "r"
        ],
        "commemorations": [
            "Śś. Bazylidesa, Cyryna, Nabora i Nazariusza, Męczenników"
        ],
        "id": "2023-06-12",
        "rank": 3,
        "tags": [
            "Poniedziałek po 2 Niedzieli po Zesłaniu Ducha Świętego"
        ],
        "title": "Św. Jana z Facundo, Wyznawcy"
    },
    {
        "colors": [
            "w"
        ],
        "commemorations": [],
        "id": "2023-06-13",
        "rank": 3,
        "tags": [
            "Wtorek po 2 Niedzieli po Zesłaniu Ducha Świętego"
        ],
        "title": "Św. Antoniego z Padwy, Wyznawcy i Doktora Kościoła"
    },
    {
        "colors": [
            "w"
        ],
        "commemorations": [],
        "id": "2023-06-14",
        "rank": 3,
        "tags": [
            "Środa po 2 Niedzieli po Zesłaniu Ducha Świętego"
        ],
        "title": "Św. Bazylego Wielkiego, Wyznawcy, Biskupa i Doktora Kościoła"
    },
    {
        "colors": [
            "w"
        ],
        "commemorations": [
            "Śś. Wita, Modesta i Krescencji, Męczenników"
        ],
        "id": "2023-06-15",
        "rank": 3,
        "tags": [
            "Czwartek po 2 Niedzieli po Zesłaniu Ducha Świętego"
        ],
        "title": "Bł. Jolanty, Wdowy"
    },
    {
        "colors": [
            "w"
        ],
        "commemorations": [],
        "id": "2023-06-16",
        "rank": 1,
        "tags": [],
        "title": "Uroczystość Najświętszego Serca Pana Jezusa"
    },
    {
        "colors": [
            "w"
        ],
        "commemorations": [],
        "id": "2023-06-17",
        "rank": 3,
        "tags": [
            "Sobota po 2 Niedzieli po Zesłaniu Ducha Świętego"
        ],
        "title": "Św. Grzegorza Barbarigo, Biskupa i Wyznawcy"
    },
    {
        "colors": [
            "g"
        ],
        "commemorations": [],
        "id": "2023-06-18",
        "rank": 2,
        "tags": [],
        "title": "3 Niedziela po Zesłaniu Ducha Świętego"
    },
    {
        "colors": [
            "r"
        ],
        "commemorations": [
            "Śś. Gerwazego i Protazego, Męczenników"
        ],
        "id": "2023-06-19",
        "rank": 3,
        "tags": [
            "Poniedziałek po 3 Niedzieli po Zesłaniu Ducha Świętego"
        ],
        "title": "Św. Juliany Falconieri, Dziewicy"
    },
    {
        "colors": [
            "g"
        ],
        "commemorations": [
            "Św. Sylweriusza, Papieża i Męczennika"
        ],
        "id": "2023-06-20",
        "rank": 4,
        "tags": [
            "Wtorek po 3 Niedzieli po Zesłaniu Ducha Świętego"
        ],
        "title": "Feria"
    },
    {
        "colors": [
            "w"
        ],
        "commemorations": [],
        "id": "2023-06-21",
        "rank": 3,
        "tags": [
            "Środa po 3 Niedzieli po Zesłaniu Ducha Świętego"
        ],
        "title": "Św. Alojzego Gonzagi, Wyznawcy"
    },
    {
        "colors": [
            "w"
        ],
        "commemorations": [],
        "id": "2023-06-22",
        "rank": 3,
        "tags": [
            "Czwartek po 3 Niedzieli po Zesłaniu Ducha Świętego"
        ],
        "title": "Św. Paulina, Biskupa i Wyznawcy"
    },
    {
        "colors": [
            "v"
        ],
        "commemorations": [],
        "id": "2023-06-23",
        "rank": 2,
        "tags": [
            "Piątek po 3 Niedzieli po Zesłaniu Ducha Świętego"
        ],
        "title": "Wigilia Narodzenia Św. Jana Chrzciciela"
    },
    {
        "colors": [
            "w"
        ],
        "commemorations": [],
        "id": "2023-06-24",
        "rank": 1,
        "tags": [
            "Sobota po 3 Niedzieli po Zesłaniu Ducha Świętego"
        ],
        "title": "Narodzenie Św. Jana Chrzciciela"
    },
    {
        "colors": [
            "g"
        ],
        "commemorations": [],
        "id": "2023-06-25",
        "rank": 2,
        "tags": [],
        "title": "4 Niedziela po Zesłaniu Ducha Świętego"
    },
    {
        "colors": [
            "r"
        ],
        "commemorations": [],
        "id": "2023-06-26",
        "rank": 3,
        "tags": [
            "Poniedziałek po 4 Niedzieli po Zesłaniu Ducha Świętego"
        ],
        "title": "Śś. Jana i Pawła, Męczenników"
    },
    {
        "colors": [
            "g"
        ],
        "commemorations": [],
        "id": "2023-06-27",
        "rank": 4,
        "tags": [
            "Wtorek po 4 Niedzieli po Zesłaniu Ducha Świętego"
        ],
        "title": "Feria"
    },
    {
        "colors": [
            "v"
        ],
        "commemorations": [],
        "id": "2023-06-28",
        "rank": 2,
        "tags": [
            "Środa po 4 Niedzieli po Zesłaniu Ducha Świętego"
        ],
        "title": "Wigilia śś. Apostołów Piotra i Pawła"
    },
    {
        "colors": [
            "r"
        ],
        "commemorations": [],
        "id": "2023-06-29",
        "rank": 1,
        "tags": [
            "Czwartek po 4 Niedzieli po Zesłaniu Ducha Świętego"
        ],
        "title": "Świętych Piotra i Pawła, Apostołów"
    },
    {
        "colors": [
            "r"
        ],
        "commemorations": [],
        "id": "2023-06-30",
        "rank": 3,
        "tags": [
            "Piątek po 4 Niedzieli po Zesłaniu Ducha Świętego"
        ],
        "title": "Wspomnienie św. Pawła, Apostoła"
    },
    {
        "colors": [
            "r"
        ],
        "commemorations": [],
        "id": "2023-07-01",
        "rank": 1,
        "tags": [
            "Sobota po 4 Niedzieli po Zesłaniu Ducha Świętego"
        ],
        "title": "Uroczystość Najdroższej Krwi Pana Naszego Jezusa Chrystusa"
    },
    {
        "colors": [
            "g"
        ],
        "commemorations": [
            "Nawiedzenia N. M. P."
        ],
        "id": "2023-07-02",
        "rank": 2,
        "tags": [],
        "title": "5 Niedziela po Zesłaniu Ducha Świętego"
    },
    {
        "colors": [
            "r"
        ],
        "commemorations": [],
        "id": "2023-07-03",
        "rank": 3,
        "tags": [
            "Poniedziałek po 5 Niedzieli po Zesłaniu Ducha Świętego"
        ],
        "title": "Św. Ireneusza, Biskupa i Męczennika"
    },
    {
        "colors": [
            "g"
        ],
        "commemorations": [],
        "id": "2023-07-04",
        "rank": 4,
        "tags": [
            "Wtorek po 5 Niedzieli po Zesłaniu Ducha Świętego"
        ],
        "title": "Feria"
    },
    {
        "colors": [
            "w"
        ],
        "commemorations": [],
        "id": "2023-07-05",
        "rank": 3,
        "tags": [
            "Środa po 5 Niedzieli po Zesłaniu Ducha Świętego"
        ],
        "title": "Św. Antoniego Marii Zaccaria, Wyznawcy"
    },
    {
        "colors": [
            "g"
        ],
        "commemorations": [],
        "id": "2023-07-06",
        "rank": 4,
        "tags": [
            "Czwartek po 5 Niedzieli po Zesłaniu Ducha Świętego"
        ],
        "title": "Feria"
    },
    {
        "colors": [
            "w"
        ],
        "commemorations": [],
        "id": "2023-07-07",
        "rank": 3,
        "tags": [
            "Piątek po 5 Niedzieli po Zesłaniu Ducha Świętego"
        ],
        "title": "Śś. Cyryla i Metodego, Biskupów i Wyznawców"
    },
    {
        "colors": [
            "w"
        ],
        "commemorations": [],
        "id": "2023-07-08",
        "rank": 3,
        "tags": [
            "Sobota po 5 Niedzieli po Zesłaniu Ducha Świętego"
        ],
        "title": "Św. Elżbiety, Królowej i Wdowy"
    },
    {
        "colors": [
            "g"
        ],
        "commemorations": [],
        "id": "2023-07-09",
        "rank": 2,
        "tags": [],
        "title": "6 Niedziela po Zesłaniu Ducha Świętego"
    },
    {
        "colors": [
            "r"
        ],
        "commemorations": [],
        "id": "2023-07-10",
        "rank": 3,
        "tags": [
            "Poniedziałek po 6 Niedzieli po Zesłaniu Ducha Świętego"
        ],
        "title": "Siedmiu Braci Męczenników oraz Śś. Rufiny i Sekundy, Dziewic i Męczennic"
    },
    {
        "colors": [
            "g"
        ],
        "commemorations": [
            "Św. Piusa I, Papieża i Męczennika"
        ],
        "id": "2023-07-11",
        "rank": 4,
        "tags": [
            "Wtorek po 6 Niedzieli po Zesłaniu Ducha Świętego"
        ],
        "title": "Feria"
    },
    {
        "colors": [
            "r"
        ],
        "commemorations": [
            "Śś. Nabora i Feliksa, Męczenników"
        ],
        "id": "2023-07-12",
        "rank": 3,
        "tags": [
            "Środa po 6 Niedzieli po Zesłaniu Ducha Świętego"
        ],
        "title": "Św. Jana Gwalberta, Opata"
    },
    {
        "colors": [
            "g"
        ],
        "commemorations": [],
        "id": "2023-07-13",
        "rank": 4,
        "tags": [
            "Czwartek po 6 Niedzieli po Zesłaniu Ducha Świętego"
        ],
        "title": "Feria"
    },
    {
        "colors": [
            "w"
        ],
        "commemorations": [],
        "id": "2023-07-14",
        "rank": 3,
        "tags": [
            "Piątek po 6 Niedzieli po Zesłaniu Ducha Świętego"
        ],
        "title": "Św. Bonawentury, Biskupa, Wyznawcy i Doktora Kościoła"
    },
    {
        "colors": [
            "w"
        ],
        "commemorations": [],
        "id": "2023-07-15",
        "rank": 3,
        "tags": [
            "Sobota po 6 Niedzieli po Zesłaniu Ducha Świętego"
        ],
        "title": "Św. Henryka, Cesarza i Wyznawcy"
    },
    {
        "colors": [
            "g"
        ],
        "commemorations": [],
        "id": "2023-07-16",
        "rank": 2,
        "tags": [],
        "title": "7 Niedziela po Zesłaniu Ducha Świętego"
    },
    {
        "colors": [
            "g"
        ],
        "commemorations": [
            "Św. Aleksego, Wyznawcy"
        ],
        "id": "2023-07-17",
        "rank": 4,
        "tags": [
            "Poniedziałek po 7 Niedzieli po Zesłaniu Ducha Świętego"
        ],
        "title": "Feria"
    },
    {
        "colors": [
            "r"
        ],
        "commemorations": [
            "Św. Kamila de Lellis",
            "Śś. Symforozy i Siedmiu Jej Synów"
        ],
        "id": "2023-07-18",
        "rank": 3,
        "tags": [
            "Wtorek po 7 Niedzieli po Zesłaniu Ducha Świętego"
        ],
        "title": "Bł. Szymona z Lipnicy, Wyznawcy"
    },
    {
        "colors": [
            "w"
        ],
        "commemorations": [],
        "id": "2023-07-19",
        "rank": 3,
        "tags": [
            "Środa po 7 Niedzieli po Zesłaniu Ducha Świętego"
        ],
        "title": "Św. Wincentego a Paulo, Wyznawcy"
    },
    {
        "colors": [
            "w"
        ],
        "commemorations": [
            "Św. Hieronima Emiliani, Wyznawcy",
            "Św. Małgorzaty, Dziewicy i Męczennicy"
        ],
        "id": "2023-07-20",
        "rank": 3,
        "tags": [
            "Czwartek po 7 Niedzieli po Zesłaniu Ducha Świętego"
        ],
        "title": "Bł. Czesława, Wyznawcy"
    },
    {
        "colors": [
            "w"
        ],
        "commemorations": [
            "Św. Praksedy, Dziewicy"
        ],
        "id": "2023-07-21",
        "rank": 3,
        "tags": [
            "Piątek po 7 Niedzieli po Zesłaniu Ducha Świętego"
        ],
        "title": "Św. Wawrzyńca z Brindisi, Wyznawcy i Doktora Kościoła"
    },
    {
        "colors": [
            "w"
        ],
        "commemorations": [],
        "id": "2023-07-22",
        "rank": 3,
        "tags": [
            "Sobota po 7 Niedzieli po Zesłaniu Ducha Świętego"
        ],
        "title": "Św. Marii Magdaleny, Pokutnicy"
    },
    {
        "colors": [
            "g"
        ],
        "commemorations": [],
        "id": "2023-07-23",
        "rank": 2,
        "tags": [],
        "title": "8 Niedziela po Zesłaniu Ducha Świętego"
    },
    {
        "colors": [
            "w"
        ],
        "commemorations": [
            "Św. Krystyny, Dziewicy i Męczennicy"
        ],
        "id": "2023-07-24",
        "rank": 3,
        "tags": [
            "Poniedziałek po 8 Niedzieli po Zesłaniu Ducha Świętego"
        ],
        "title": "Św. Kingi, Dziewicy"
    },
    {
        "colors": [
            "r"
        ],
        "commemorations": [
            "Św. Krzysztofa, Męczennika"
        ],
        "id": "2023-07-25",
        "rank": 2,
        "tags": [
            "Wtorek po 8 Niedzieli po Zesłaniu Ducha Świętego"
        ],
        "title": "Św. Jakuba, Apostoła"
    },
    {
        "colors": [
            "w"
        ],
        "commemorations": [],
        "id": "2023-07-26",
        "rank": 2,
        "tags": [
            "Środa po 8 Niedzieli po Zesłaniu Ducha Świętego"
        ],
        "title": "Św. Anny, Matki N. M. P."
    },
    {
        "colors": [
            "g"
        ],
        "commemorations": [
            "Św. Pantaleona, Męczennika"
        ],
        "id": "2023-07-27",
        "rank": 4,
        "tags": [
            "Czwartek po 8 Niedzieli po Zesłaniu Ducha Świętego"
        ],
        "title": "Feria"
    },
    {
        "colors": [
            "r"
        ],
        "commemorations": [],
        "id": "2023-07-28",
        "rank": 3,
        "tags": [
            "Piątek po 8 Niedzieli po Zesłaniu Ducha Świętego"
        ],
        "title": "Śś. Nazariusza i Celsa, Męczenników, Wiktora I, Papieża i Męczennika, oraz Innocentego I, Papieża i Wyznawcy"
    },
    {
        "colors": [
            "r"
        ],
        "commemorations": [
            "Śś. Feliksa, Symplicjusza, Faustyna i Beatryczy, Męczenników"
        ],
        "id": "2023-07-29",
        "rank": 3,
        "tags": [
            "Sobota po 8 Niedzieli po Zesłaniu Ducha Świętego"
        ],
        "title": "Św. Marty, Dziewicy"
    },
    {
        "colors": [
            "g"
        ],
        "commemorations": [],
        "id": "2023-07-30",
        "rank": 2,
        "tags": [],
        "title": "9 Niedziela po Zesłaniu Ducha Świętego"
    },
    {
        "colors": [
            "w"
        ],
        "commemorations": [],
        "id": "2023-07-31",
        "rank": 3,
        "tags": [
            "Poniedziałek po 9 Niedzieli po Zesłaniu Ducha Świętego"
        ],
        "title": "Św. Ignacego Loyoli, Wyznawcy"
    },
    {
        "colors": [
            "g"
        ],
        "commemorations": [
            "Siedmiu Braci Machabejskich, Męczenników"
        ],
        "id": "2023-08-01",
        "rank": 4,
        "tags": [
            "Wtorek po 9 Niedzieli po Zesłaniu Ducha Świętego"
        ],
        "title": "Feria"
    },
    {
        "colors": [
            "r"
        ],
        "commemorations": [
            "Św. Stefana I, Papieża i Męczennika"
        ],
        "id": "2023-08-02",
        "rank": 3,
        "tags": [
            "Środa po 9 Niedzieli po Zesłaniu Ducha Świętego"
        ],
        "title": "Św. Alfonsa Marii Liguori, Biskupa, Wyznawcy i Doktora Kościoła"
    },
    {
        "colors": [
            "g"
        ],
        "commemorations": [],
        "id": "2023-08-03",
        "rank": 4,
        "tags": [
            "Czwartek po 9 Niedzieli po Zesłaniu Ducha Świętego"
        ],
        "title": "Feria"
    },
    {
        "colors": [
            "w"
        ],
        "commemorations": [],
        "id": "2023-08-04",
        "rank": 3,
        "tags": [
            "Piątek po 9 Niedzieli po Zesłaniu Ducha Świętego"
        ],
        "title": "Św. Dominika, Wyznawcy"
    },
    {
        "colors": [
            "w"
        ],
        "commemorations": [],
        "id": "2023-08-05",
        "rank": 3,
        "tags": [
            "Sobota po 9 Niedzieli po Zesłaniu Ducha Świętego"
        ],
        "title": "Rocznica Konsekracji N. M. P. Śnieżnej"
    },
    {
        "colors": [
            "w"
        ],
        "commemorations": [],
        "id": "2023-08-06",
        "rank": 2,
        "tags": [
            "10 Niedziela po Zesłaniu Ducha Świętego"
        ],
        "title": "Przemienienie Pańskie"
    },
    {
        "colors": [
            "w"
        ],
        "commemorations": [
            "Św. Donata, Biskupa i Męczennika"
        ],
        "id": "2023-08-07",
        "rank": 3,
        "tags": [
            "Poniedziałek po 10 Niedzieli po Zesłaniu Ducha Świętego"
        ],
        "title": "Św. Kajetana, Wyznawcy"
    },
    {
        "colors": [
            "w"
        ],
        "commemorations": [
            "Śś. Cyriaka, Larga i Szmaragda, Męczenników"
        ],
        "id": "2023-08-08",
        "rank": 3,
        "tags": [
            "Wtorek po 10 Niedzieli po Zesłaniu Ducha Świętego"
        ],
        "title": "Św. Jana Marii Vianney, Wyznawcy"
    },
    {
        "colors": [
            "r"
        ],
        "commemorations": [
            "Św. Romana, Męczennika"
        ],
        "id": "2023-08-09",
        "rank": 3,
        "tags": [
            "Środa po 10 Niedzieli po Zesłaniu Ducha Świętego"
        ],
        "title": "Wigilia św. Wawrzyńca, Męczennika"
    },
    {
        "colors": [
            "r"
        ],
        "commemorations": [],
        "id": "2023-08-10",
        "rank": 2,
        "tags": [
            "Czwartek po 10 Niedzieli po Zesłaniu Ducha Świętego"
        ],
        "title": "Św. Wawrzyńca"
    },
    {
        "colors": [
            "g"
        ],
        "commemorations": [
            "Śś. Tyburcjusza i Zuzanny, Męczenników"
        ],
        "id": "2023-08-11",
        "rank": 4,
        "tags": [
            "Piątek po 10 Niedzieli po Zesłaniu Ducha Świętego"
        ],
        "title": "Feria"
    },
    {
        "colors": [
            "w"
        ],
        "commemorations": [],
        "id": "2023-08-12",
        "rank": 3,
        "tags": [
            "Sobota po 10 Niedzieli po Zesłaniu Ducha Świętego"
        ],
        "title": "Św. Klary, Dziewicy"
    },
    {
        "colors": [
            "g"
        ],
        "commemorations": [],
        "id": "2023-08-13",
        "rank": 2,
        "tags": [],
        "title": "11 Niedziela po Zesłaniu Ducha Świętego"
    },
    {
        "colors": [
            "w"
        ],
        "commemorations": [
            "Św. Euzebiusza, Wyznawcy"
        ],
        "id": "2023-08-14",
        "rank": 2,
        "tags": [
            "Poniedziałek po 11 Niedzieli po Zesłaniu Ducha Świętego"
        ],
        "title": "Wigilia Wniebowzięcia N. M. P."
    },
    {
        "colors": [
            "w"
        ],
        "commemorations": [],
        "id": "2023-08-15",
        "rank": 1,
        "tags": [
            "Wtorek po 11 Niedzieli po Zesłaniu Ducha Świętego"
        ],
        "title": "Wniebowzięcie N. M. P."
    },
    {
        "colors": [
            "w"
        ],
        "commemorations": [],
        "id": "2023-08-16",
        "rank": 2,
        "tags": [
            "Środa po 11 Niedzieli po Zesłaniu Ducha Świętego"
        ],
        "title": "Św. Joachima, Ojca N. M. P."
    },
    {
        "colors": [
            "w"
        ],
        "commemorations": [],
        "id": "2023-08-17",
        "rank": 3,
        "tags": [
            "Czwartek po 11 Niedzieli po Zesłaniu Ducha Świętego"
        ],
        "title": "Św. Jacka, Wyznawcy"
    },
    {
        "colors": [
            "g"
        ],
        "commemorations": [
            "Św. Agapita, Męczennika"
        ],
        "id": "2023-08-18",
        "rank": 4,
        "tags": [
            "Piątek po 11 Niedzieli po Zesłaniu Ducha Świętego"
        ],
        "title": "Feria"
    },
    {
        "colors": [
            "w"
        ],
        "commemorations": [],
        "id": "2023-08-19",
        "rank": 3,
        "tags": [
            "Sobota po 11 Niedzieli po Zesłaniu Ducha Świętego"
        ],
        "title": "Św. Jana Eudes, Wyznawcy"
    },
    {
        "colors": [
            "g"
        ],
        "commemorations": [],
        "id": "2023-08-20",
        "rank": 2,
        "tags": [],
        "title": "12 Niedziela po Zesłaniu Ducha Świętego"
    },
    {
        "colors": [
            "w"
        ],
        "commemorations": [],
        "id": "2023-08-21",
        "rank": 3,
        "tags": [
            "Poniedziałek po 12 Niedzieli po Zesłaniu Ducha Świętego"
        ],
        "title": "Św. Joanny Franciszki Frémiot de Chantal, Wdowy"
    },
    {
        "colors": [
            "w"
        ],
        "commemorations": [
            "Śś. Tymoteusza, Hipolita i Symforiana, Męczenników"
        ],
        "id": "2023-08-22",
        "rank": 2,
        "tags": [
            "Wtorek po 12 Niedzieli po Zesłaniu Ducha Świętego"
        ],
        "title": "Uroczystość Niepokalanego Serca N. M. P."
    },
    {
        "colors": [
            "w"
        ],
        "commemorations": [],
        "id": "2023-08-23",
        "rank": 3,
        "tags": [
            "Środa po 12 Niedzieli po Zesłaniu Ducha Świętego"
        ],
        "title": "Św. Filipa Benicjusza, Wyznawcy"
    },
    {
        "colors": [
            "r"
        ],
        "commemorations": [],
        "id": "2023-08-24",
        "rank": 2,
        "tags": [
            "Czwartek po 12 Niedzieli po Zesłaniu Ducha Świętego"
        ],
        "title": "Św. Bartłomieja, Apostoła"
    },
    {
        "colors": [
            "w"
        ],
        "commemorations": [],
        "id": "2023-08-25",
        "rank": 3,
        "tags": [
            "Piątek po 12 Niedzieli po Zesłaniu Ducha Świętego"
        ],
        "title": "Św. Ludwika, Króla i Wyznawcy"
    },
    {
        "colors": [
            "w"
        ],
        "commemorations": [],
        "id": "2023-08-26",
        "rank": 1,
        "tags": [
            "Sobota po 12 Niedzieli po Zesłaniu Ducha Świętego"
        ],
        "title": "N. M. P. Jasnogórskiej czyli Częstochowskiej"
    },
    {
        "colors": [
            "g"
        ],
        "commemorations": [],
        "id": "2023-08-27",
        "rank": 2,
        "tags": [],
        "title": "13 Niedziela po Zesłaniu Ducha Świętego"
    },
    {
        "colors": [
            "r"
        ],
        "commemorations": [
            "Św. Hermesa, Męczennika"
        ],
        "id": "2023-08-28",
        "rank": 3,
        "tags": [
            "Poniedziałek po 13 Niedzieli po Zesłaniu Ducha Świętego"
        ],
        "title": "Św. Augustyna, Biskupa, Wyznawcy i Doktora Kościoła"
    },
    {
        "colors": [
            "r"
        ],
        "commemorations": [
            "Św. Sabiny, Męczennicy"
        ],
        "id": "2023-08-29",
        "rank": 3,
        "tags": [
            "Wtorek po 13 Niedzieli po Zesłaniu Ducha Świętego"
        ],
        "title": "Ścięcie Św. Jana Chrzciciela"
    },
    {
        "colors": [
            "r"
        ],
        "commemorations": [
            "Śś. Feliksa i Adaukta, Męczenników"
        ],
        "id": "2023-08-30",
        "rank": 3,
        "tags": [
            "Środa po 13 Niedzieli po Zesłaniu Ducha Świętego"
        ],
        "title": "Św. Róży z Limy, Dziewicy"
    },
    {
        "colors": [
            "w"
        ],
        "commemorations": [],
        "id": "2023-08-31",
        "rank": 3,
        "tags": [
            "Czwartek po 13 Niedzieli po Zesłaniu Ducha Świętego"
        ],
        "title": "Św. Rajmunda Nonnata, Wyznawcy"
    },
    {
        "colors": [
            "w"
        ],
        "commemorations": [],
        "id": "2023-09-01",
        "rank": 3,
        "tags": [
            "Piątek po 13 Niedzieli po Zesłaniu Ducha Świętego"
        ],
        "title": "Bł. Bronisławy, Dziewicy"
    },
    {
        "colors": [
            "w"
        ],
        "commemorations": [],
        "id": "2023-09-02",
        "rank": 3,
        "tags": [
            "Sobota po 13 Niedzieli po Zesłaniu Ducha Świętego"
        ],
        "title": "Św. Stefana, Króla i Wyznawcy"
    },
    {
        "colors": [
            "g"
        ],
        "commemorations": [],
        "id": "2023-09-03",
        "rank": 2,
        "tags": [],
        "title": "14 Niedziela po Zesłaniu Ducha Świętego"
    },
    {
        "colors": [
            "g"
        ],
        "commemorations": [],
        "id": "2023-09-04",
        "rank": 4,
        "tags": [
            "Poniedziałek po 14 Niedzieli po Zesłaniu Ducha Świętego"
        ],
        "title": "Feria"
    },
    {
        "colors": [
            "w"
        ],
        "commemorations": [],
        "id": "2023-09-05",
        "rank": 3,
        "tags": [
            "Wtorek po 14 Niedzieli po Zesłaniu Ducha Świętego"
        ],
        "title": "Św. Wawrzyńca Justiniani, Biskupa i Wyznawcy"
    },
    {
        "colors": [
            "g"
        ],
        "commemorations": [],
        "id": "2023-09-06",
        "rank": 4,
        "tags": [
            "Środa po 14 Niedzieli po Zesłaniu Ducha Świętego"
        ],
        "title": "Feria"
    },
    {
        "colors": [
            "r"
        ],
        "commemorations": [],
        "id": "2023-09-07",
        "rank": 3,
        "tags": [
            "Czwartek po 14 Niedzieli po Zesłaniu Ducha Świętego"
        ],
        "title": "Bł. Melchiora Grodzieckiego, Męczennika"
    },
    {
        "colors": [
            "w"
        ],
        "commemorations": [
            "Św. Hadriana, Męczennika"
        ],
        "id": "2023-09-08",
        "rank": 2,
        "tags": [
            "Piątek po 14 Niedzieli po Zesłaniu Ducha Świętego"
        ],
        "title": "Narodzenie N. M. P."
    },
    {
        "colors": [
            "w"
        ],
        "commemorations": [
            "Św. Gorgoniusza, Męczennika"
        ],
        "id": "2023-09-09",
        "rank": 4,
        "tags": [
            "Sobota po 14 Niedzieli po Zesłaniu Ducha Świętego"
        ],
        "title": "5 Msza o N. M. P. – Salve, Sancta Parens"
    },
    {
        "colors": [
            "g"
        ],
        "commemorations": [],
        "id": "2023-09-10",
        "rank": 2,
        "tags": [],
        "title": "15 Niedziela po Zesłaniu Ducha Świętego"
    },
    {
        "colors": [
            "g"
        ],
        "commemorations": [
            "Św. Prota i Jacka, Męczenników"
        ],
        "id": "2023-09-11",
        "rank": 4,
        "tags": [
            "Poniedziałek po 15 Niedzieli po Zesłaniu Ducha Świętego"
        ],
        "title": "Feria"
    },
    {
        "colors": [
            "w"
        ],
        "commemorations": [],
        "id": "2023-09-12",
        "rank": 3,
        "tags": [
            "Wtorek po 15 Niedzieli po Zesłaniu Ducha Świętego"
        ],
        "title": "Najświętszego Imienia Maryi"
    },
    {
        "colors": [
            "g"
        ],
        "commemorations": [],
        "id": "2023-09-13",
        "rank": 4,
        "tags": [
            "Środa po 15 Niedzieli po Zesłaniu Ducha Świętego"
        ],
        "title": "Feria"
    },
    {
        "colors": [
            "r"
        ],
        "commemorations": [],
        "id": "2023-09-14",
        "rank": 2,
        "tags": [
            "Czwartek po 15 Niedzieli po Zesłaniu Ducha Świętego"
        ],
        "title": "Podwyższenia Świętego Krzyża"
    },
    {
        "colors": [
            "w"
        ],
        "commemorations": [
            "Św. Nikomedesa, Męczennika"
        ],
        "id": "2023-09-15",
        "rank": 2,
        "tags": [
            "Piątek po 15 Niedzieli po Zesłaniu Ducha Świętego"
        ],
        "title": "Siedmiu Boleści N. M. P."
    },
    {
        "colors": [
            "r"
        ],
        "commemorations": [
            "Śś. Eufemii, Łucji i Geminiana, Męczenników"
        ],
        "id": "2023-09-16",
        "rank": 3,
        "tags": [
            "Sobota po 15 Niedzieli po Zesłaniu Ducha Świętego"
        ],
        "title": "Św. Korneliusza, Papieża i Cypriana, Męczenników"
    },
    {
        "colors": [
            "g"
        ],
        "commemorations": [],
        "id": "2023-09-17",
        "rank": 2,
        "tags": [],
        "title": "16 Niedziela po Zesłaniu Ducha Świętego"
    },
    {
        "colors": [
            "w"
        ],
        "commemorations": [],
        "id": "2023-09-18",
        "rank": 3,
        "tags": [
            "Poniedziałek po 16 Niedzieli po Zesłaniu Ducha Świętego"
        ],
        "title": "Św. Józefa z Kupertynu, Wyznawcy"
    },
    {
        "colors": [
            "r"
        ],
        "commemorations": [],
        "id": "2023-09-19",
        "rank": 3,
        "tags": [
            "Wtorek po 16 Niedzieli po Zesłaniu Ducha Świętego"
        ],
        "title": "Św. Januarego i Towarzyszy, Męczenników"
    },
    {
        "colors": [
            "v"
        ],
        "commemorations": [
            "Św. Eustachego i Towarzyszy, Męczenników"
        ],
        "id": "2023-09-20",
        "rank": 2,
        "tags": [],
        "title": "Środa Suchych Dni Wrześniowych"
    },
    {
        "colors": [
            "r"
        ],
        "commemorations": [],
        "id": "2023-09-21",
        "rank": 2,
        "tags": [
            "Czwartek po 16 Niedzieli po Zesłaniu Ducha Świętego"
        ],
        "title": "Św. Mateusza, Apostoła i Ewangelisty"
    },
    {
        "colors": [
            "v"
        ],
        "commemorations": [
            "Św. Tomasza z Villanueva, Biskupa i Wyznawcy"
        ],
        "id": "2023-09-22",
        "rank": 2,
        "tags": [],
        "title": "Piątek Suchych Dni Wrześniowych"
    },
    {
        "colors": [
            "v"
        ],
        "commemorations": [
            "Św. Linusa, Papieża i Męczennika"
        ],
        "id": "2023-09-23",
        "rank": 2,
        "tags": [],
        "title": "Sobota Suchych Dni Wrześniowych"
    },
    {
        "colors": [
            "g"
        ],
        "commemorations": [],
        "id": "2023-09-24",
        "rank": 2,
        "tags": [],
        "title": "17 Niedziela po Zesłaniu Ducha Świętego"
    },
    {
        "colors": [
            "w"
        ],
        "commemorations": [],
        "id": "2023-09-25",
        "rank": 3,
        "tags": [
            "Poniedziałek po 17 Niedzieli po Zesłaniu Ducha Świętego"
        ],
        "title": "Bł. Władysława z Gielniowa, Wyznawcy"
    },
    {
        "colors": [
            "g"
        ],
        "commemorations": [
            "Śś. Cypriana i Justyny, Męczenników"
        ],
        "id": "2023-09-26",
        "rank": 4,
        "tags": [
            "Wtorek po 17 Niedzieli po Zesłaniu Ducha Świętego"
        ],
        "title": "Feria"
    },
    {
        "colors": [
            "r"
        ],
        "commemorations": [],
        "id": "2023-09-27",
        "rank": 3,
        "tags": [
            "Środa po 17 Niedzieli po Zesłaniu Ducha Świętego"
        ],
        "title": "Św. Kosmy i Damiana, Męczenników"
    },
    {
        "colors": [
            "r"
        ],
        "commemorations": [],
        "id": "2023-09-28",
        "rank": 3,
        "tags": [
            "Czwartek po 17 Niedzieli po Zesłaniu Ducha Świętego"
        ],
        "title": "Św. Wacława, Księcia i Męczennika"
    },
    {
        "colors": [
            "w"
        ],
        "commemorations": [],
        "id": "2023-09-29",
        "rank": 1,
        "tags": [
            "Piątek po 17 Niedzieli po Zesłaniu Ducha Świętego"
        ],
        "title": "Świętego Michała Archanioła"
    },
    {
        "colors": [
            "w"
        ],
        "commemorations": [],
        "id": "2023-09-30",
        "rank": 3,
        "tags": [
            "Sobota po 17 Niedzieli po Zesłaniu Ducha Świętego"
        ],
        "title": "Św. Hieronima, Kapłana, Wyznawcy i Doktora Kościoła"
    },
    {
        "colors": [
            "g"
        ],
        "commemorations": [],
        "id": "2023-10-01",
        "rank": 2,
        "tags": [],
        "title": "18 Niedziela po Zesłaniu Ducha Świętego"
    },
    {
        "colors": [
            "w"
        ],
        "commemorations": [],
        "id": "2023-10-02",
        "rank": 3,
        "tags": [
            "Poniedziałek po 18 Niedzieli po Zesłaniu Ducha Świętego"
        ],
        "title": "Świętych Aniołów Stróżów"
    },
    {
        "colors": [
            "w"
        ],
        "commemorations": [],
        "id": "2023-10-03",
        "rank": 3,
        "tags": [
            "Wtorek po 18 Niedzieli po Zesłaniu Ducha Świętego"
        ],
        "title": "Św. Teresy od Dzieciątka Jezus, Dziewicy"
    },
    {
        "colors": [
            "w"
        ],
        "commemorations": [],
        "id": "2023-10-04",
        "rank": 3,
        "tags": [
            "Środa po 18 Niedzieli po Zesłaniu Ducha Świętego"
        ],
        "title": "Św. Franciszka, Wyznawcy"
    },
    {
        "colors": [
            "g"
        ],
        "commemorations": [
            "Śś. Placyda i Towarzyszy, Męczenników"
        ],
        "id": "2023-10-05",
        "rank": 4,
        "tags": [
            "Czwartek po 18 Niedzieli po Zesłaniu Ducha Świętego"
        ],
        "title": "Feria"
    },
    {
        "colors": [
            "w"
        ],
        "commemorations": [],
        "id": "2023-10-06",
        "rank": 3,
        "tags": [
            "Piątek po 18 Niedzieli po Zesłaniu Ducha Świętego"
        ],
        "title": "Św. Brunona, Wyznawcy"
    },
    {
        "colors": [
            "w"
        ],
        "commemorations": [
            "Św. Marka I, Papieża i Wyznawcy"
        ],
        "id": "2023-10-07",
        "rank": 2,
        "tags": [
            "Sobota po 18 Niedzieli po Zesłaniu Ducha Świętego"
        ],
        "title": "N. M. P. Różańcowej"
    },
    {
        "colors": [
            "g"
        ],
        "commemorations": [],
        "id": "2023-10-08",
        "rank": 2,
        "tags": [],
        "title": "19 Niedziela po Zesłaniu Ducha Świętego"
    },
    {
        "colors": [
            "w"
        ],
        "commemorations": [
            "Śś. Dionizego, Rustyka i Eleuteriusza"
        ],
        "id": "2023-10-09",
        "rank": 3,
        "tags": [
            "Poniedziałek po 19 Niedzieli po Zesłaniu Ducha Świętego"
        ],
        "title": "Św. Jana Leonardi, Wyznawcy"
    },
    {
        "colors": [
            "w"
        ],
        "commemorations": [
            "Dziękczynienie za zwycięstwo chocimskie z roku 1621"
        ],
        "id": "2023-10-10",
        "rank": 3,
        "tags": [
            "Wtorek po 19 Niedzieli po Zesłaniu Ducha Świętego"
        ],
        "title": "Św. Franciszka Borgiasza, Wyznawcy"
    },
    {
        "colors": [
            "w"
        ],
        "commemorations": [],
        "id": "2023-10-11",
        "rank": 2,
        "tags": [
            "Środa po 19 Niedzieli po Zesłaniu Ducha Świętego"
        ],
        "title": "Macierzyństwa N. M. P."
    },
    {
        "colors": [
            "g"
        ],
        "commemorations": [],
        "id": "2023-10-12",
        "rank": 4,
        "tags": [
            "Czwartek po 19 Niedzieli po Zesłaniu Ducha Świętego"
        ],
        "title": "Feria"
    },
    {
        "colors": [
            "w"
        ],
        "commemorations": [],
        "id": "2023-10-13",
        "rank": 3,
        "tags": [
            "Piątek po 19 Niedzieli po Zesłaniu Ducha Świętego"
        ],
        "title": "Św. Edwarda, króla i wyznawcy"
    },
    {
        "colors": [
            "r"
        ],
        "commemorations": [],
        "id": "2023-10-14",
        "rank": 3,
        "tags": [
            "Sobota po 19 Niedzieli po Zesłaniu Ducha Świętego"
        ],
        "title": "Św. Kaliksta, papieża i męczennika"
    },
    {
        "colors": [
            "g"
        ],
        "commemorations": [],
        "id": "2023-10-15",
        "rank": 2,
        "tags": [],
        "title": "20 Niedziela po Zesłaniu Ducha Świętego"
    },
    {
        "colors": [
            "w"
        ],
        "commemorations": [],
        "id": "2023-10-16",
        "rank": 3,
        "tags": [
            "Poniedziałek po 20 Niedzieli po Zesłaniu Ducha Świętego"
        ],
        "title": "Św. Jadwigi, Wdowy"
    },
    {
        "colors": [
            "w"
        ],
        "commemorations": [],
        "id": "2023-10-17",
        "rank": 3,
        "tags": [
            "Wtorek po 20 Niedzieli po Zesłaniu Ducha Świętego"
        ],
        "title": "Św. Małgorzaty Marii Alacoque, Dziewicy"
    },
    {
        "colors": [
            "r"
        ],
        "commemorations": [],
        "id": "2023-10-18",
        "rank": 2,
        "tags": [
            "Środa po 20 Niedzieli po Zesłaniu Ducha Świętego"
        ],
        "title": "Św. Łukasza, Ewangelisty"
    },
    {
        "colors": [
            "w"
        ],
        "commemorations": [],
        "id": "2023-10-19",
        "rank": 3,
        "tags": [
            "Czwartek po 20 Niedzieli po Zesłaniu Ducha Świętego"
        ],
        "title": "Św. Piotra z Alkantary, Wyznawcy"
    },
    {
        "colors": [
            "w"
        ],
        "commemorations": [],
        "id": "2023-10-20",
        "rank": 3,
        "tags": [
            "Piątek po 20 Niedzieli po Zesłaniu Ducha Świętego"
        ],
        "title": "Św. Jana Kantego, Wyznawcy"
    },
    {
        "colors": [
            "w"
        ],
        "commemorations": [
            "Śś. Urszuli i Towarzyszek, Dziewic i Męczennic"
        ],
        "id": "2023-10-21",
        "rank": 4,
        "tags": [
            "Sobota po 20 Niedzieli po Zesłaniu Ducha Świętego"
        ],
        "title": "5 Msza o N. M. P. – Salve, Sancta Parens"
    },
    {
        "colors": [
            "g"
        ],
        "commemorations": [],
        "id": "2023-10-22",
        "rank": 2,
        "tags": [],
        "title": "21 Niedziela po Zesłaniu Ducha Świętego"
    },
    {
        "colors": [
            "w"
        ],
        "commemorations": [],
        "id": "2023-10-23",
        "rank": 3,
        "tags": [
            "Poniedziałek po 21 Niedzieli po Zesłaniu Ducha Świętego"
        ],
        "title": "Św. Antoniego Marii Claret, Biskupa i Wyznawcy"
    },
    {
        "colors": [
            "w"
        ],
        "commemorations": [],
        "id": "2023-10-24",
        "rank": 3,
        "tags": [
            "Wtorek po 21 Niedzieli po Zesłaniu Ducha Świętego"
        ],
        "title": "Św. Rafała Archanioła"
    },
    {
        "colors": [
            "g"
        ],
        "commemorations": [
            "Śś. Chryzanta i Darii, Męczenników"
        ],
        "id": "2023-10-25",
        "rank": 4,
        "tags": [
            "Środa po 21 Niedzieli po Zesłaniu Ducha Świętego"
        ],
        "title": "Feria"
    },
    {
        "colors": [
            "g"
        ],
        "commemorations": [],
        "id": "2023-10-26",
        "rank": 4,
        "tags": [
            "Czwartek po 21 Niedzieli po Zesłaniu Ducha Świętego"
        ],
        "title": "Feria"
    },
    {
        "colors": [
            "g"
        ],
        "commemorations": [],
        "id": "2023-10-27",
        "rank": 4,
        "tags": [
            "Piątek po 21 Niedzieli po Zesłaniu Ducha Świętego"
        ],
        "title": "Feria"
    },
    {
        "colors": [
            "r"
        ],
        "commemorations": [],
        "id": "2023-10-28",
        "rank": 2,
        "tags": [
            "Sobota po 21 Niedzieli po Zesłaniu Ducha Świętego"
        ],
        "title": "Świętych Szymona i Judy Tadeusza, Apostołow"
    },
    {
        "colors": [
            "w"
        ],
        "commemorations": [],
        "id": "2023-10-29",
        "rank": 1,
        "tags": [
            "22 Niedziela po Zesłaniu Ducha Świętego"
        ],
        "title": "Chrystusa Króla"
    },
    {
        "colors": [
            "g"
        ],
        "commemorations": [],
        "id": "2023-10-30",
        "rank": 4,
        "tags": [
            "Poniedziałek po 22 Niedzieli po Zesłaniu Ducha Świętego"
        ],
        "title": "Feria"
    },
    {
        "colors": [
            "g"
        ],
        "commemorations": [],
        "id": "2023-10-31",
        "rank": 4,
        "tags": [
            "Wtorek po 22 Niedzieli po Zesłaniu Ducha Świętego"
        ],
        "title": "Feria"
    },
    {
        "colors": [
            "w"
        ],
        "commemorations": [],
        "id": "2023-11-01",
        "rank": 1,
        "tags": [
            "Środa po 22 Niedzieli po Zesłaniu Ducha Świętego"
        ],
        "title": "Uroczystość Wszystkich Świętych"
    },
    {
        "colors": [
            "b"
        ],
        "commemorations": [],
        "id": "2023-11-02",
        "rank": 1,
        "tags": [
            "Czwartek po 22 Niedzieli po Zesłaniu Ducha Świętego"
        ],
        "title": "Dzień Zaduszny"
    },
    {
        "colors": [
            "g"
        ],
        "commemorations": [],
        "id": "2023-11-03",
        "rank": 4,
        "tags": [
            "Piątek po 22 Niedzieli po Zesłaniu Ducha Świętego"
        ],
        "title": "Feria"
    },
    {
        "colors": [
            "w"
        ],
        "commemorations": [
            "Śś. Witalisa i Agrykoli, Męczenników"
        ],
        "id": "2023-11-04",
        "rank": 3,
        "tags": [
            "Sobota po 22 Niedzieli po Zesłaniu Ducha Świętego"
        ],
        "title": "Św. Karola Boromeusza, Biskupa i Wyznawcy"
    },
    {
        "colors": [
            "g"
        ],
        "commemorations": [],
        "id": "2023-11-05",
        "rank": 2,
        "tags": [],
        "title": "23 Niedziela po Zesłaniu Ducha Świętego"
    },
    {
        "colors": [
            "g"
        ],
        "commemorations": [],
        "id": "2023-11-06",
        "rank": 4,
        "tags": [
            "Poniedziałek po 23 Niedzieli po Zesłaniu Ducha Świętego"
        ],
        "title": "Feria"
    },
    {
        "colors": [
            "g"
        ],
        "commemorations": [],
        "id": "2023-11-07",
        "rank": 4,
        "tags": [
            "Wtorek po 23 Niedzieli po Zesłaniu Ducha Świętego"
        ],
        "title": "Feria"
    },
    {
        "colors": [
            "g"
        ],
        "commemorations": [
            "Świętych Czterech Ukoronowanych Męczenników"
        ],
        "id": "2023-11-08",
        "rank": 4,
        "tags": [
            "Środa po 23 Niedzieli po Zesłaniu Ducha Świętego"
        ],
        "title": "Feria"
    },
    {
        "colors": [
            "w"
        ],
        "commemorations": [
            "Św. Teodora, Męczennika"
        ],
        "id": "2023-11-09",
        "rank": 2,
        "tags": [
            "Czwartek po 23 Niedzieli po Zesłaniu Ducha Świętego"
        ],
        "title": "Rocznica Konsekracji Bazyliki Najświętszego Zbawiciela na Lateranie"
    },
    {
        "colors": [
            "w"
        ],
        "commemorations": [
            "Śś. Tryfona, Respicjusza i Nimfy, Męczenników"
        ],
        "id": "2023-11-10",
        "rank": 3,
        "tags": [
            "Piątek po 23 Niedzieli po Zesłaniu Ducha Świętego"
        ],
        "title": "Św. Andrzeja z Avellino, Wyznawcy"
    },
    {
        "colors": [
            "w"
        ],
        "commemorations": [
            "Św. Mennasa, Męczennika"
        ],
        "id": "2023-11-11",
        "rank": 3,
        "tags": [
            "Sobota po 23 Niedzieli po Zesłaniu Ducha Świętego"
        ],
        "title": "Św. Marcina, Biskupa i Wyznawcy"
    },
    {
        "colors": [
            "g"
        ],
        "commemorations": [],
        "id": "2023-11-12",
        "rank": 2,
        "tags": [],
        "title": "5 Niedziela po Objawieniu"
    },
    {
        "colors": [
            "w"
        ],
        "commemorations": [
            "Św. Dydaka, Wyznawcy"
        ],
        "id": "2023-11-13",
        "rank": 2,
        "tags": [
            "Poniedziałek po 5 Niedzieli po Objawieniu"
        ],
        "title": "Św. Stanisława Kostki, Wyznawcy"
    },
    {
        "colors": [
            "w"
        ],
        "commemorations": [],
        "id": "2023-11-14",
        "rank": 3,
        "tags": [
            "Wtorek po 5 Niedzieli po Objawieniu"
        ],
        "title": "Św. Jozafata, Biskupa i Męczennika"
    },
    {
        "colors": [
            "w"
        ],
        "commemorations": [],
        "id": "2023-11-15",
        "rank": 3,
        "tags": [
            "Środa po 5 Niedzieli po Objawieniu"
        ],
        "title": "Św. Alberta Wielkiego, Biskupa, Wyznawcy i Doktora Kościoła"
    },
    {
        "colors": [
            "w"
        ],
        "commemorations": [],
        "id": "2023-11-16",
        "rank": 3,
        "tags": [
            "Czwartek po 5 Niedzieli po Objawieniu"
        ],
        "title": "Św. Gertrudy, Dziewicy"
    },
    {
        "colors": [
            "w"
        ],
        "commemorations": [
            "Św. Grzegorza Cudotwórcy, Biskupa i Wyznawcy"
        ],
        "id": "2023-11-17",
        "rank": 3,
        "tags": [
            "Piątek po 5 Niedzieli po Objawieniu"
        ],
        "title": "Bł. Salomei, Dziewicy"
    },
    {
        "colors": [
            "w"
        ],
        "commemorations": [],
        "id": "2023-11-18",
        "rank": 3,
        "tags": [
            "Sobota po 5 Niedzieli po Objawieniu"
        ],
        "title": "Rocznica Konsekracji Bazylik Świętych Apostołów Piotra i Pawła, Apostołów"
    },
    {
        "colors": [
            "g"
        ],
        "commemorations": [],
        "id": "2023-11-19",
        "rank": 2,
        "tags": [],
        "title": "6 Niedziela po Objawieniu"
    },
    {
        "colors": [
            "w"
        ],
        "commemorations": [],
        "id": "2023-11-20",
        "rank": 3,
        "tags": [
            "Poniedziałek po 6 Niedzieli po Objawieniu"
        ],
        "title": "Św. Feliksa Walezego, Wyznawcy"
    },
    {
        "colors": [
            "w"
        ],
        "commemorations": [],
        "id": "2023-11-21",
        "rank": 3,
        "tags": [
            "Wtorek po 6 Niedzieli po Objawieniu"
        ],
        "title": "Ofiarowanie N. M. P."
    },
    {
        "colors": [
            "r"
        ],
        "commemorations": [],
        "id": "2023-11-22",
        "rank": 3,
        "tags": [
            "Środa po 6 Niedzieli po Objawieniu"
        ],
        "title": "Św. Cecylii, Dziewicy i Męczennicy"
    },
    {
        "colors": [
            "r"
        ],
        "commemorations": [
            "Św. Felicyty, Męczennicy"
        ],
        "id": "2023-11-23",
        "rank": 3,
        "tags": [
            "Czwartek po 6 Niedzieli po Objawieniu"
        ],
        "title": "Św. Klemensa I, Papieża i Męczennika"
    },
    {
        "colors": [
            "w"
        ],
        "commemorations": [
            "Św. Chryzogona, Męczennika"
        ],
        "id": "2023-11-24",
        "rank": 3,
        "tags": [
            "Piątek po 6 Niedzieli po Objawieniu"
        ],
        "title": "Św. Jana od Krzyża, Wyznawcy i Doktora Kościoła"
    },
    {
        "colors": [
            "r"
        ],
        "commemorations": [],
        "id": "2023-11-25",
        "rank": 3,
        "tags": [
            "Sobota po 6 Niedzieli po Objawieniu"
        ],
        "title": "Św. Katarzyny, Dziewicy i Męczennicy"
    },
    {
        "colors": [
            "g"
        ],
        "commemorations": [],
        "id": "2023-11-26",
        "rank": 2,
        "tags": [],
        "title": "24 Niedziela po Zesłaniu Ducha Świętego"
    },
    {
        "colors": [
            "g"
        ],
        "commemorations": [],
        "id": "2023-11-27",
        "rank": 4,
        "tags": [
            "Poniedziałek po 24 Niedzieli po Zesłaniu Ducha Świętego"
        ],
        "title": "Feria"
    },
    {
        "colors": [
            "g"
        ],
        "commemorations": [],
        "id": "2023-11-28",
        "rank": 4,
        "tags": [
            "Wtorek po 24 Niedzieli po Zesłaniu Ducha Świętego"
        ],
        "title": "Feria"
    },
    {
        "colors": [
            "g"
        ],
        "commemorations": [
            "Św. Saturnina, Męczennika"
        ],
        "id": "2023-11-29",
        "rank": 4,
        "tags": [
            "Środa po 24 Niedzieli po Zesłaniu Ducha Świętego"
        ],
        "title": "Feria"
    },
    {
        "colors": [
            "r"
        ],
        "commemorations": [],
        "id": "2023-11-30",
        "rank": 2,
        "tags": [
            "Czwartek po 24 Niedzieli po Zesłaniu Ducha Świętego"
        ],
        "title": "Św. Andrzeja, Apostoła"
    },
    {
        "colors": [
            "g"
        ],
        "commemorations": [],
        "id": "2023-12-01",
        "rank": 4,
        "tags": [
            "Piątek po 24 Niedzieli po Zesłaniu Ducha Świętego"
        ],
        "title": "Feria"
    },
    {
        "colors": [
            "r"
        ],
        "commemorations": [],
        "id": "2023-12-02",
        "rank": 3,
        "tags": [
            "Sobota po 24 Niedzieli po Zesłaniu Ducha Świętego"
        ],
        "title": "Św. Bibiany, Dziewicy i Męczennicy"
    },
    {
        "colors": [
            "v"
        ],
        "commemorations": [],
        "id": "2023-12-03",
        "rank": 1,
        "tags": [],
        "title": "1 Niedziela Adwentu"
    },
    {
        "colors": [
            "w"
        ],
        "commemorations": [
            "Poniedziałek po 1 Niedzieli Adwentu"
        ],
        "id": "2023-12-04",
        "rank": 3,
        "tags": [
            "Poniedziałek po 1 Niedzieli Adwentu"
        ],
        "title": "Św. Piotra Chryzologa, Biskupa, Wyznawcy i Doktora Kościoła"
    },
    {
        "colors": [
            "v"
        ],
        "commemorations": [
            "Św. Saby, Opata"
        ],
        "id": "2023-12-05",
        "rank": 3,
        "tags": [],
        "title": "Wtorek po 1 Niedzieli Adwentu"
    },
    {
        "colors": [
            "w"
        ],
        "commemorations": [
            "Środa po 1 Niedzieli Adwentu"
        ],
        "id": "2023-12-06",
        "rank": 3,
        "tags": [
            "Środa po 1 Niedzieli Adwentu"
        ],
        "title": "Św. Mikołaja, Biskupa i Wyznawcy"
    },
    {
        "colors": [
            "w"
        ],
        "commemorations": [
            "Czwartek po 1 Niedzieli Adwentu"
        ],
        "id": "2023-12-07",
        "rank": 3,
        "tags": [
            "Czwartek po 1 Niedzieli Adwentu"
        ],
        "title": "Św. Ambrożego, Biskupa, Wyznawcy i Doktora Kościoła"
    },
    {
        "colors": [
            "w"
        ],
        "commemorations": [],
        "id": "2023-12-08",
        "rank": 1,
        "tags": [
            "Piątek po 1 Niedzieli Adwentu"
        ],
        "title": "Niepokalane Poczęcie N. M. P."
    },
    {
        "colors": [
            "v"
        ],
        "commemorations": [],
        "id": "2023-12-09",
        "rank": 3,
        "tags": [],
        "title": "Sobota po 1 Niedzieli Adwentu"
    },
    {
        "colors": [
            "v"
        ],
        "commemorations": [],
        "id": "2023-12-10",
        "rank": 1,
        "tags": [],
        "title": "2 Niedziela Adwentu"
    },
    {
        "colors": [
            "w"
        ],
        "commemorations": [
            "Poniedziałek po 2 Niedzieli Adwentu"
        ],
        "id": "2023-12-11",
        "rank": 3,
        "tags": [
            "Poniedziałek po 2 Niedzieli Adwentu"
        ],
        "title": "Św. Damazego, Papieża i Wyznawcy"
    },
    {
        "colors": [
            "v"
        ],
        "commemorations": [],
        "id": "2023-12-12",
        "rank": 3,
        "tags": [],
        "title": "Wtorek po 2 Niedzieli Adwentu"
    },
    {
        "colors": [
            "r"
        ],
        "commemorations": [
            "Środa po 2 Niedzieli Adwentu"
        ],
        "id": "2023-12-13",
        "rank": 3,
        "tags": [
            "Środa po 2 Niedzieli Adwentu"
        ],
        "title": "Św. Łucji, Dziewicy i Męczennicy"
    },
    {
        "colors": [
            "v"
        ],
        "commemorations": [],
        "id": "2023-12-14",
        "rank": 3,
        "tags": [],
        "title": "Czwartek po 2 Niedzieli Adwentu"
    },
    {
        "colors": [
            "v"
        ],
        "commemorations": [],
        "id": "2023-12-15",
        "rank": 3,
        "tags": [],
        "title": "Piątek po 2 Niedzieli Adwentu"
    },
    {
        "colors": [
            "r"
        ],
        "commemorations": [
            "Sobota po 2 Niedzieli Adwentu"
        ],
        "id": "2023-12-16",
        "rank": 3,
        "tags": [
            "Sobota po 2 Niedzieli Adwentu"
        ],
        "title": "Św. Euzebiusza, Biskupa i Męczennika"
    },
    {
        "colors": [
            "p",
            "v"
        ],
        "commemorations": [],
        "id": "2023-12-17",
        "rank": 1,
        "tags": [],
        "title": "3 Niedziela Adwentu (Niedziela Gaudete)"
    },
    {
        "colors": [
            "v"
        ],
        "commemorations": [],
        "id": "2023-12-18",
        "rank": 2,
        "tags": [],
        "title": "Poniedziałek po 3 Niedzieli Adwentu"
    },
    {
        "colors": [
            "v"
        ],
        "commemorations": [],
        "id": "2023-12-19",
        "rank": 2,
        "tags": [],
        "title": "Wtorek po 3 Niedzieli Adwentu"
    },
    {
        "colors": [
            "v"
        ],
        "commemorations": [],
        "id": "2023-12-20",
        "rank": 2,
        "tags": [],
        "title": "Środa Suchych Dni Adwentu"
    },
    {
        "colors": [
            "r"
        ],
        "commemorations": [
            "Czwartek po 3 Niedzieli Adwentu"
        ],
        "id": "2023-12-21",
        "rank": 2,
        "tags": [
            "Czwartek po 3 Niedzieli Adwentu"
        ],
        "title": "Św. Tomasza, Apostoła"
    },
    {
        "colors": [
            "v"
        ],
        "commemorations": [],
        "id": "2023-12-22",
        "rank": 2,
        "tags": [],
        "title": "Piątek Suchych Dni Adwentu"
    },
    {
        "colors": [
            "v"
        ],
        "commemorations": [],
        "id": "2023-12-23",
        "rank": 2,
        "tags": [],
        "title": "Sobota Suchych Dni Adwentu"
    },
    {
        "colors": [
            "v"
        ],
        "commemorations": [],
        "id": "2023-12-24",
        "rank": 1,
        "tags": [],
        "title": "Wigilia Bożego Narodzenia"
    },
    {
        "colors": [
            "w"
        ],
        "commemorations": [],
        "id": "2023-12-25",
        "rank": 1,
        "tags": [],
        "title": "Boże Narodzenie"
    },
    {
        "colors": [
            "r"
        ],
        "commemorations": [
            "Oktawa Bożego Narodzenia"
        ],
        "id": "2023-12-26",
        "rank": 2,
        "tags": [],
        "title": "Św. Szczepana, Pierwszego Męczennika"
    },
    {
        "colors": [
            "w"
        ],
        "commemorations": [
            "Oktawa Bożego Narodzenia"
        ],
        "id": "2023-12-27",
        "rank": 2,
        "tags": [],
        "title": "Św. Jana, Apostoła i Ewangelisty"
    },
    {
        "colors": [
            "r"
        ],
        "commemorations": [
            "Oktawa Bożego Narodzenia"
        ],
        "id": "2023-12-28",
        "rank": 2,
        "tags": [],
        "title": "Świętych Młodzianków"
    },
    {
        "colors": [
            "w"
        ],
        "commemorations": [
            "Św. Tomasza z Canterbury, Biskupa i Męczennika"
        ],
        "id": "2023-12-29",
        "rank": 2,
        "tags": [],
        "title": "Dzień w Oktawie Bożego Narodzenia"
    },
    {
        "colors": [
            "w"
        ],
        "commemorations": [],
        "id": "2023-12-30",
        "rank": 2,
        "tags": [],
        "title": "Dzień w Oktawie Bożego Narodzenia"
    },
    {
        "colors": [
            "w"
        ],
        "commemorations": [],
        "id": "2023-12-31",
        "rank": 2,
        "tags": [],
        "title": "Niedziela w Oktawie Bożego Narodzenia"
    }
]